aggregate_date,region,carrier_name,technology_type,n_source_rows,n_unique_localities,sample_count_total,mean_download_kbps,mean_upload_kbps,mean_latency_ms,median_download_kbps_approx,median_upload_kbps_approx,median_latency_ms_approx,week_label,mean_minus_median_download,mean_minus_median_upload,mean_minus_median_latency,download_median_gap_pct,latency_median_gap_pct
2026-03-01,Alexandria,Operator A,5G,7,1,95,387527.0210526316,25050.41052631579,25.989473684210527,323356.04210526316,14374.905263157894,25.378947368421052,2026-03-01,64170.97894736845,10675.505263157896,0.6105263157894747,19.84530071854314,2.4056408129406925
2026-03-01,Alexandria,Operator A,LTE,54,11,280,83041.11785714286,11382.528571428571,37.94285714285714,65839.88214285714,7866.121428571429,33.42142857142857,2026-03-01,17201.23571428572,3516.4071428571424,4.521428571428572,26.125860427518788,13.528531737550761
2026-03-01,Alexandria,Operator A,Multi-RAT,54,11,359,153778.94150417828,14765.715877437326,35.79387186629526,112277.0,9743.211699164345,31.615598885793872,2026-03-01,41501.94150417828,5022.50417827298,4.17827298050139,36.96388530525244,13.215859030836995
2026-03-01,Alexandria,Operator B,5G,19,3,774,424300.1950904393,35962.34496124031,34.99612403100775,376209.9082687338,24854.61111111111,33.12532299741602,2026-03-01,48090.286821705464,11107.733850129203,1.8708010335917322,12.782833669376318,5.647646164046963
2026-03-01,Alexandria,Operator B,LTE,351,70,1632,96968.94117647059,15995.157475490196,41.6985294117647,81423.06985294117,12672.598651960785,37.955269607843135,2026-03-01,15545.871323529413,3322.558823529411,3.7432598039215677,19.092710888458182,9.862292753014867
2026-03-01,Alexandria,Operator B,Multi-RAT,365,72,2359,201507.765578635,22263.516320474777,39.6456125476897,156634.0449342942,15640.995760915643,36.532852903772785,2026-03-01,44873.72064434082,6622.520559559134,3.1127596439169167,28.64876576683232,8.520439540037835
2026-03-01,Alexandria,Operator C,5G,7,1,297,293361.59932659933,22524.882154882154,37.27272727272727,287551.5252525252,16025.350168350169,35.255892255892256,2026-03-01,5810.074074074102,6499.531986531985,2.0168350168350173,2.020533213646405,5.7205615509502445
2026-03-01,Alexandria,Operator C,LTE,54,13,180,36162.427777777775,14195.56111111111,60.81666666666667,27553.23888888889,12124.216666666667,58.86666666666667,2026-03-01,8609.188888888886,2071.344444444443,1.9500000000000028,31.24565109606996,3.3125707814269587
2026-03-01,Alexandria,Operator C,Multi-RAT,60,14,465,193486.9247311828,19204.62580645161,46.888172043010755,194561.488172043,14060.135483870969,44.744086021505375,2026-03-01,-1074.563440860191,5144.490322580643,2.1440860215053803,-0.5523001756185155,4.791886955685869
2026-03-01,Assiut,Operator A,LTE,34,6,111,57209.22522522522,11711.162162162162,50.27927927927928,52707.45945945946,7978.396396396396,50.486486486486484,2026-03-01,4501.765765765762,3732.7657657657655,-0.20720720720720465,8.541041082104035,-0.41042112776587647
2026-03-01,Assiut,Operator A,Multi-RAT,34,6,136,93497.48529411765,14365.360294117647,55.5735294117647,67225.83823529411,11464.485294117647,48.47794117647059,2026-03-01,26271.64705882354,2900.875,7.095588235294116,39.079686841347126,14.636735932049138
2026-03-01,Assiut,Operator B,5G,38,7,467,390857.5267665953,46836.49892933619,38.97644539614561,382141.20556745183,41000.15203426124,37.62526766595289,2026-03-01,8716.32119914348,5836.346895074945,1.3511777301927168,2.2809163398645738,3.591144499459329
2026-03-01,Assiut,Operator B,LTE,98,17,645,98495.93798449612,16292.88062015504,44.44961240310077,79445.51007751939,13127.91472868217,42.1953488372093,2026-03-01,19050.427906976736,3164.9658914728698,2.2542635658914705,23.97923795616414,5.342445620223392
2026-03-01,Assiut,Operator B,Multi-RAT,104,18,1114,211885.31508078994,27825.07540394973,43.59964093357271,164399.46229802514,19720.184919210053,40.769299820466784,2026-03-01,47485.85278276479,8104.890484739677,2.8303411131059235,28.884433147769013,6.9423343681881216
2026-03-01,Assiut,Operator C,5G,18,3,148,338589.91891891893,33942.27702702703,56.027027027027025,317019.4256756757,27719.391891891893,53.182432432432435,2026-03-01,21570.493243243254,6222.885135135133,2.8445945945945894,6.804155044211954,5.348748570702569
2026-03-01,Assiut,Operator C,LTE,57,12,176,43296.85227272727,12743.744318181818,82.24431818181819,36229.80113636364,10968.335227272728,79.86363636363636,2026-03-01,7067.051136363632,1775.40909090909,2.3806818181818272,19.50618252019737,2.980933409220273
2026-03-01,Assiut,Operator C,Multi-RAT,57,12,344,166789.20639534883,20964.787790697676,72.875,120177.46802325582,15175.828488372093,71.44476744186046,2026-03-01,46611.73837209301,5788.959302325582,1.4302325581395365,38.7857550494183,2.0018716686332776
2026-03-01,Cairo,Operator A,5G,25,5,1073,297112.3737185461,40906.77446411929,28.182665424044735,284163.43988816405,35015.86393289841,22.24883504193849,2026-03-01,12948.93383038207,5890.910531220878,5.933830382106244,4.556861303297243,26.67029698822938
2026-03-01,Cairo,Operator A,LTE,96,18,1787,76140.0503637381,17274.52210408506,37.23111359820929,60382.208729714606,12640.29602686066,31.21040850587577,2026-03-01,15757.841634023498,4634.226077224399,6.020705092333522,26.0968287936591,19.29069621501444
2026-03-01,Cairo,Operator A,Multi-RAT,103,20,2752,158163.03015988372,25922.47020348837,34.00799418604651,114436.93859011628,18389.671875,29.702398255813954,2026-03-01,43726.09156976745,7532.79832848837,4.305595930232556,38.20977047138868,14.495785468736614
2026-03-01,Cairo,Operator B,5G,42,7,3678,274725.4282218597,32205.47688961392,34.85671560630777,252342.37003806417,25256.609026644917,32.976345840130506,2026-03-01,22383.05818379551,6948.867862969004,1.8803697661772674,8.870114907940025,5.702177479861806
2026-03-01,Cairo,Operator B,LTE,235,44,6882,44284.42879976751,13474.316332461494,51.00770124963673,25972.385062481837,8315.531967451323,42.166957279860505,2026-03-01,18312.043737285676,5158.784365010171,8.840743969776227,70.50582260055187,20.966046734414682
2026-03-01,Cairo,Operator B,Multi-RAT,242,47,10404,121301.36870434448,19398.737985390235,47.1377354863514,60550.03575547866,12435.16801230296,39.84803921568628,2026-03-01,60751.33294886582,6963.569973087275,7.289696270665125,100.33244768706673,18.29373894963323
2026-03-01,Cairo,Operator C,5G,14,2,1678,332840.35101311083,34638.1978545888,29.046483909415972,296912.6758045292,25395.28665077473,22.81823599523242,2026-03-01,35927.67520858161,9242.911203814067,6.228247914183552,12.10041811493235,27.29504557444697
2026-03-01,Cairo,Operator C,LTE,69,14,1283,33284.50194855807,11019.042088854249,44.886204208885424,19316.553390491037,7612.241621200312,36.21122369446609,2026-03-01,13967.948558067033,3406.8004676539367,8.674980514419332,72.31077033102105,23.95660690070816
2026-03-01,Cairo,Operator C,Multi-RAT,69,14,2891,201518.3306814251,24381.86717398824,36.26115530958146,133252.57938429608,14968.810446212383,29.7046004842615,2026-03-01,68265.75129712903,9413.056727775858,6.55655482531996,51.230341365665296,22.072523172947044
2026-03-01,Dakahlia,Operator A,5G,87,16,6921,325924.896402254,37384.793093483604,19.680537494581706,282731.8698165005,29540.10865481867,17.098685161103887,2026-03-01,43193.02658575348,7844.684438664935,2.581852333477819,15.277027882914915,15.099712692242678
2026-03-01,Dakahlia,Operator A,LTE,338,64,8323,67447.06728343146,15093.079778925869,31.69386038687973,46208.62717770035,10103.450318394809,26.80932356121591,2026-03-01,21238.44010573111,4989.6294605310595,4.884536825663822,45.96206683236089,18.219545206019696
2026-03-01,Dakahlia,Operator A,Multi-RAT,355,67,14715,182811.25524974515,25028.42351342168,26.621406727828745,103565.85219164118,17207.098267074412,22.803805640502887,2026-03-01,79245.40305810397,7821.325246347267,3.8176010873258583,76.51692269326963,16.74107009816485
2026-03-01,Dakahlia,Operator B,5G,120,18,11125,348986.3413932584,38530.73114606742,29.05276404494382,325569.1304269663,28926.746606741573,26.06912359550562,2026-03-01,23417.21096629213,9603.984539325844,2.9836404494382016,7.19270003749487,11.445112216785795
2026-03-01,Dakahlia,Operator B,LTE,532,103,17435,48390.32721537138,14125.646802408948,45.13679380556352,25391.518841410954,8768.294235732721,38.8041296243189,2026-03-01,22998.808373960423,5357.352566676227,6.332664181244624,90.5767335841751,16.319562486142935
2026-03-01,Dakahlia,Operator B,Multi-RAT,549,104,28353,162939.432299933,23356.397700419708,39.59108383592565,66866.93605614926,14410.553803830282,34.42415264698621,2026-03-01,96072.49624378372,8945.843896589426,5.166931188939444,143.67713239187464,15.009610380030086
2026-03-01,Dakahlia,Operator C,5G,62,11,5235,269099.8993314231,30626.75358166189,23.40649474689589,241184.31346704872,21791.63782234957,20.674307545367718,2026-03-01,27915.585864374385,8835.11575931232,2.7321872015281734,11.574378724339503,13.215374665065127
2026-03-01,Dakahlia,Operator C,LTE,230,43,5715,35368.056517935256,10510.520034995625,37.91198600174978,22048.488363954504,6725.187926509187,29.958180227471566,2026-03-01,13319.568153980752,3785.3321084864383,7.953805774278216,60.41034620657242,26.549695989159577
2026-03-01,Dakahlia,Operator C,Multi-RAT,247,45,10686,145403.90520306944,19963.98671158525,31.524705221785513,71314.05259217668,11239.237881340072,25.413812464907355,2026-03-01,74089.85261089276,8724.748830245178,6.110892756878158,103.89236050654705,24.045556979364587
2026-03-01,Fayoum,Operator A,5G,35,7,150,223160.01333333334,24562.4,30.62,215386.54,16076.373333333333,29.48,2026-03-01,7773.473333333328,8486.026666666668,1.1400000000000006,3.6090803693366014,3.8670284938941673
2026-03-01,Fayoum,Operator A,LTE,318,66,760,65446.538157894734,17426.417105263157,36.57631578947368,58594.24868421053,15399.897368421052,35.79736842105263,2026-03-01,6852.289473684206,2026.519736842105,0.7789473684210506,11.694474504851364,2.1759905903109553
2026-03-01,Fayoum,Operator A,Multi-RAT,331,69,921,89973.37242128122,18809.41476655809,35.870792616720955,77496.46471226927,15830.843648208469,34.65580890336591,2026-03-01,12476.907709011954,2978.5711183496205,1.2149837133550463,16.099970179719186,3.5058587630803855
2026-03-01,Fayoum,Operator B,5G,441,83,2752,253288.8691860465,26073.080668604653,37.81468023255814,230593.41351744186,19322.97819767442,34.928779069767444,2026-03-01,22695.45566860464,6750.102470930233,2.885901162790695,9.842195977071123,8.262244600724058
2026-03-01,Fayoum,Operator B,LTE,1423,257,13809,42763.80360634369,10556.109131725687,47.904482583822144,26236.54341371569,7047.865667318416,40.2415091606923,2026-03-01,16527.260192627997,3508.243464407271,7.662973423129841,62.993283574039836,19.04246034245404
2026-03-01,Fayoum,Operator B,Multi-RAT,1547,275,16822,74052.98674355011,12715.341754844845,47.846094400190225,39077.09701581263,8122.593805730591,39.8550707406967,2026-03-01,34975.88972773748,4592.747949114254,7.991023659493521,89.5048312150322,20.050205685204688
2026-03-01,Fayoum,Operator C,5G,57,10,288,123807.50694444444,17699.520833333332,36.017361111111114,109581.05555555556,13091.756944444445,35.333333333333336,2026-03-01,14226.451388888876,4607.763888888887,0.6840277777777786,12.982582907933688,1.935927672955977
2026-03-01,Fayoum,Operator C,LTE,317,63,791,23908.106194690266,7366.094816687737,59.72692793931732,19772.486725663715,5646.811630847029,49.76485461441214,2026-03-01,4135.619469026551,1719.283185840708,9.962073324905184,20.916031081000654,20.018290824103243
2026-03-01,Fayoum,Operator C,Multi-RAT,334,66,1060,49774.92358490566,9950.33679245283,53.89433962264151,30058.985849056604,6773.558490566038,46.20188679245283,2026-03-01,19715.937735849053,3176.778301886792,7.692452830188678,65.5908280966433,16.64965083513701
2026-03-01,Gharbia,Operator A,LTE,40,7,97,73131.18556701031,14897.62886597938,39.22680412371134,72918.67010309278,14816.690721649484,38.94845360824742,2026-03-01,212.51546391753072,80.93814432989711,0.2783505154639201,0.29144177152034634,0.7146638433033418
2026-03-01,Gharbia,Operator A,Multi-RAT,40,7,105,94565.44761904761,15590.419047619047,39.04761904761905,75124.6380952381,14339.952380952382,38.86666666666667,2026-03-01,19440.809523809512,1250.4666666666653,0.18095238095238386,25.878074113533465,0.46557216368537874
2026-03-01,Gharbia,Operator B,5G,39,6,446,419795.4147982063,44764.706278026904,40.446188340807176,417009.32286995515,34547.84529147982,38.044843049327355,2026-03-01,2786.091928251146,10216.860986547086,2.401345291479821,0.6681126237362304,6.311881188118812
2026-03-01,Gharbia,Operator B,LTE,81,12,558,97971.1971326165,16334.698924731183,43.41935483870968,88241.32437275986,11851.008960573477,42.32258064516129,2026-03-01,9729.872759856633,4483.689964157706,1.0967741935483915,11.026435549351579,2.5914634146341564
2026-03-01,Gharbia,Operator B,Multi-RAT,81,12,972,238999.88065843622,29152.6316872428,41.82304526748971,164218.95679012345,18018.62448559671,40.46399176954733,2026-03-01,74780.92386831276,11134.00720164609,1.3590534979423836,45.53732731592305,3.35867381963336
2026-03-01,Gharbia,Operator C,5G,24,4,134,426980.37313432834,33861.57462686567,46.64179104477612,416924.9253731343,31863.007462686568,46.149253731343286,2026-03-01,10055.447761194024,1998.567164179105,0.4925373134328339,2.411812570859064,1.0672703751617034
2026-03-01,Gharbia,Operator C,LTE,43,7,175,58725.862857142856,15137.417142857143,60.52571428571429,58141.834285714285,11432.08,59.02857142857143,2026-03-01,584.028571428571,3705.3371428571427,1.4971428571428547,1.0044894155877526,2.536302032913839
2026-03-01,Gharbia,Operator C,Multi-RAT,43,7,299,219180.10367892977,23123.709030100334,54.92307692307692,181012.5618729097,18549.956521739132,53.33444816053512,2026-03-01,38167.541806020075,4573.752508361202,1.588628762541802,21.085576277749055,2.978616667711788
2026-03-01,Giza,Operator A,5G,126,19,3474,274683.5569948187,33000.20811744387,25.510650546919976,253829.79533678756,26025.046344271734,21.374496257915947,2026-03-01,20853.761658031115,6975.161773172138,4.136154289004029,8.215647666721646,19.35088546225843
2026-03-01,Giza,Operator A,LTE,223,37,5298,86126.76274065685,15193.23442808607,31.602114005285014,69613.69856549641,10313.236881842204,27.08607021517554,2026-03-01,16513.06417516044,4879.997546243867,4.5160437901094745,23.720998187769094,16.672938356259838
2026-03-01,Giza,Operator A,Multi-RAT,230,38,8428,158076.20099667774,22047.10761746559,29.255695301376363,111150.40234931181,15173.114143331752,25.420977693402943,2026-03-01,46925.798647365926,6873.993474133838,3.8347176079734204,42.2182895028058,15.084854934468462
2026-03-01,Giza,Operator B,5G,186,29,8638,408287.26163463766,34418.22690437601,21.02280620514008,371817.4379485992,25149.184649224357,18.38284325075249,2026-03-01,36469.823686038435,9269.042255151653,2.639962954387588,9.808529661021465,14.361015422788437
2026-03-01,Giza,Operator B,LTE,341,58,10006,92598.61702978214,14913.041774935038,25.262242654407356,72128.01409154508,10025.204377373575,20.881171297221666,2026-03-01,20470.60293823706,4887.837397561463,4.381071357185689,28.380932424197503,20.980965554210126
2026-03-01,Giza,Operator B,Multi-RAT,364,61,18018,238894.69863469864,23983.888555888556,23.36052836052836,149502.2166167166,15484.745532245532,19.772172272172273,2026-03-01,89392.48201798202,8499.143023643024,3.588356088356086,59.79341580410159,18.14851721379348
2026-03-01,Giza,Operator C,5G,116,18,4143,302679.4595703597,21094.766835626357,28.380159304851556,280019.06879073137,12515.42095100169,21.822592324402606,2026-03-01,22660.390779628302,8579.345884624667,6.55756698044895,8.092445588612128,30.049440886617777
2026-03-01,Giza,Operator C,LTE,192,33,3231,37708.831012070565,11357.111730114515,37.260600433302386,24136.26740947075,8113.999380996595,30.70813989476942,2026-03-01,13572.563602599814,3243.1123491179196,6.552460538532966,56.2330677413448,21.337862081477162
2026-03-01,Giza,Operator C,Multi-RAT,195,33,7217,183440.74490785645,16601.80587501732,32.45919357073576,94992.13620617986,9760.49175557711,26.778162671470138,2026-03-01,88448.6087016766,6841.314119440209,5.681030899265625,93.1115061037257,21.215163149779062
2026-03-01,Ismailia,Operator A,5G,27,4,248,179015.9435483871,22903.53629032258,24.616935483870968,168435.06451612903,21345.91935483871,23.951612903225808,2026-03-01,10580.87903225806,1557.6169354838712,0.6653225806451601,6.281874301324505,2.777777777777773
2026-03-01,Ismailia,Operator A,LTE,169,29,854,66732.36533957845,10738.48711943794,31.05503512880562,56364.94379391101,8129.099531615925,30.53161592505855,2026-03-01,10367.421545667443,2609.387587822014,0.5234192037470713,18.393385760436818,1.7143514612257378
2026-03-01,Ismailia,Operator A,Multi-RAT,170,29,1060,91229.40754716982,13429.018867924528,29.95188679245283,69555.0141509434,9311.937735849056,28.88679245283019,2026-03-01,21674.393396226413,4117.081132075471,1.0650943396226396,31.161511015137123,3.6871325930764134
2026-03-01,Ismailia,Operator B,5G,106,16,2688,351491.8087797619,33203.85528273809,24.910342261904763,317378.8173363095,25670.3359375,23.155505952380953,2026-03-01,34112.99144345237,7533.519345238092,1.7548363095238102,10.748351679470982,7.578483981877191
2026-03-01,Ismailia,Operator B,LTE,365,69,3904,90979.88985655738,15550.916239754099,29.474129098360656,72075.5112704918,11398.392161885246,27.18314549180328,2026-03-01,18904.378586065577,4152.524077868853,2.2909836065573757,26.228573690056024,8.427956239457982
2026-03-01,Ismailia,Operator B,Multi-RAT,390,71,6427,196704.0819978217,22815.722732223432,27.689435195269954,138623.81639956433,15070.881437684768,25.722732223432395,2026-03-01,58080.26559825736,7744.841294538664,1.9667029718375595,41.89775401280894,7.645777885313329
2026-03-01,Ismailia,Operator C,5G,27,4,429,300594.50582750584,26585.272727272728,36.21911421911422,292881.99533799535,18403.361305361304,30.512820512820515,2026-03-01,7712.510489510489,8181.9114219114235,5.706293706293703,2.633316698286626,18.70129870129869
2026-03-01,Ismailia,Operator C,LTE,100,19,483,35227.132505175985,9902.753623188406,48.028985507246375,26390.86128364389,7973.204968944099,45.66873706004141,2026-03-01,8836.271221532093,1929.5486542443068,2.3602484472049667,33.48231467916698,5.168192945869974
2026-03-01,Ismailia,Operator C,Multi-RAT,112,21,916,158334.53384279477,17673.56113537118,42.69759825327511,112701.9497816594,11229.110262008733,38.17903930131004,2026-03-01,45632.58406113538,6444.450873362446,4.518558951965069,40.48961366643669,11.835182431659623
2026-03-01,Minya,Operator A,5G,14,2,102,115943.6862745098,16425.186274509804,36.754901960784316,113155.09803921569,16107.578431372549,36.470588235294116,2026-03-01,2788.5882352941117,317.60784313725526,0.2843137254902004,2.4643946968502313,0.7795698924731301
2026-03-01,Minya,Operator A,LTE,52,9,270,75950.19259259259,14766.292592592592,50.15555555555556,64830.45925925926,11361.755555555555,39.75555555555555,2026-03-01,11119.73333333333,3404.5370370370365,10.400000000000006,17.152019992431537,26.15986584684183
2026-03-01,Minya,Operator A,Multi-RAT,52,9,356,85875.80337078651,15440.123595505618,46.73314606741573,77960.22752808989,12270.609550561798,39.258426966292134,2026-03-01,7915.57584269662,3169.5140449438204,7.474719101123597,10.153351386570229,19.039782484258733
2026-03-01,Minya,Operator B,5G,56,9,1090,329119.8752293578,30192.28256880734,44.68899082568807,299079.3513761468,20170.01100917431,42.11651376146789,2026-03-01,30040.523853211023,10022.271559633027,2.5724770642201804,10.04433228672801,6.1080009584594865
2026-03-01,Minya,Operator B,LTE,140,23,1641,75715.97562461914,13842.08226691042,46.80377818403412,59864.03778184034,9825.058500914076,45.69530773918343,2026-03-01,15851.937842778796,4017.023765996344,1.1084704448506955,26.479900838876354,2.4257861467473814
2026-03-01,Minya,Operator B,Multi-RAT,146,25,2625,173942.83695238095,20568.139428571427,46.05104761904762,110340.84723809524,12838.966476190477,44.18742857142857,2026-03-01,63601.98971428571,7729.17295238095,1.8636190476190535,57.64138241302816,4.217532243603021
2026-03-01,Minya,Operator C,5G,13,2,258,280261.5620155039,30534.523255813954,36.29457364341085,248696.78294573643,17473.8488372093,35.12015503875969,2026-03-01,31564.77906976745,13060.674418604653,1.1744186046511587,12.692073735692281,3.344001765809501
2026-03-01,Minya,Operator C,LTE,30,5,170,39903.111764705885,11389.341176470589,49.65294117647059,35319.73529411765,10313.5,44.55294117647059,2026-03-01,4583.376470588235,1075.8411764705888,5.100000000000001,12.976814328932914,11.44705571692633
2026-03-01,Minya,Operator C,Multi-RAT,41,7,433,181107.84988452657,22498.108545034644,42.18937644341801,127768.07621247113,12440.496535796767,40.198614318706696,2026-03-01,53339.77367205544,10057.612009237877,1.990762124711317,41.74734037894912,4.952315293576929
2026-03-01,Monufia,Operator A,LTE,90,17,165,102330.92121212122,15400.103030303031,31.606060606060606,94415.5090909091,15204.321212121213,30.70909090909091,2026-03-01,7915.4121212121245,195.78181818181838,0.8969696969696948,8.383593116667596,2.920860469705933
2026-03-01,Monufia,Operator A,Multi-RAT,90,17,198,135087.58585858587,18759.333333333332,30.696969696969695,104914.32828282828,16155.373737373737,30.217171717171716,2026-03-01,30173.257575757583,2603.9595959595954,0.4797979797979792,28.759901597440958,1.5878321912084221
2026-03-01,Monufia,Operator B,5G,75,12,383,312402.8772845953,39923.80678851175,34.8355091383812,305375.82506527414,39537.70757180157,32.75718015665797,2026-03-01,7027.052219321136,386.09921671017946,2.0783289817232315,2.301116081411848,6.344651681810917
2026-03-01,Monufia,Operator B,LTE,141,27,500,59440.944,18856.008,38.81,47881.0,17254.432,35.686,2026-03-01,11559.944000000003,1601.576000000001,3.1240000000000023,24.14307136442431,8.75413327355266
2026-03-01,Monufia,Operator B,Multi-RAT,167,31,869,169403.1749136939,27964.421173762945,36.53164556962025,118002.58918296894,21951.451093210588,34.28308400460299,2026-03-01,51400.58573072495,6012.970080552357,2.248561565017262,43.55886263734923,6.5588077336197665
2026-03-01,Monufia,Operator C,LTE,45,10,64,44082.78125,16558.9375,48.203125,42204.3125,15997.09375,48.203125,2026-03-01,1878.46875,561.84375,0.0,4.450892903420711,0.0
2026-03-01,Monufia,Operator C,Multi-RAT,46,10,85,106153.89411764705,15364.094117647059,47.188235294117646,54653.705882352944,13620.282352941176,46.16470588235294,2026-03-01,51500.18823529411,1743.8117647058825,1.0235294117647058,94.23000216335363,2.217125382262997
2026-03-01,Port Said,Operator A,5G,37,7,4418,375544.92213671346,33246.092575826166,21.59732910819375,337849.4687641467,26060.503168854684,19.014486192847443,2026-03-01,37695.453372566786,7185.589406971481,2.5828429153463084,11.157470074011586,13.58355355569839
2026-03-01,Port Said,Operator A,LTE,234,46,5220,80602.33199233716,14524.112643678161,28.76168582375479,64205.016475095785,10695.733333333334,24.995593869731803,2026-03-01,16397.315517241375,3828.379310344828,3.7660919540229862,25.538994330141882,15.067023306789693
2026-03-01,Port Said,Operator A,Multi-RAT,237,46,9316,213826.42153284673,23013.615178188065,25.891584370974666,139115.28381279518,16025.986152855303,22.609703735508802,2026-03-01,74711.13772005154,6987.6290253327625,3.281880635465864,53.70447852486785,14.515363287629604
2026-03-01,Port Said,Operator B,5G,181,29,20574,402179.50087489065,38540.67536696802,22.513852435112277,386743.7334985905,27737.810051521337,20.62039467288811,2026-03-01,15435.76737630018,10802.865315446681,1.8934577622241662,3.9912133124081857,9.182451608036883
2026-03-01,Port Said,Operator B,LTE,611,121,18728,74497.38733447244,19375.92839598462,33.79666809055959,52859.81343442973,13814.478374626227,28.210273387441266,2026-03-01,21637.573900042713,5561.450021358394,5.5863947031183265,40.933882460412335,19.802696083070554
2026-03-01,Port Said,Operator B,Multi-RAT,630,124,38163,245488.23124492308,29275.479522050155,27.837460367371538,170473.39108560648,20200.604171579802,25.30909519691848,2026-03-01,75014.8401593166,9074.875350470353,2.528365170453057,44.0038411165567,9.9899468976706
2026-03-01,Port Said,Operator C,5G,80,13,8170,402573.8388004896,27229.58984088127,25.246511627906976,354194.34908200736,17627.863525091798,16.43941248470012,2026-03-01,48379.48971848225,9601.726315789474,8.807099143206855,13.659023596472128,53.573077209440854
2026-03-01,Port Said,Operator C,LTE,249,51,5025,45513.54865671642,13332.451542288558,36.9363184079602,29368.573333333334,9584.622686567163,25.745074626865673,2026-03-01,16144.975323383085,3747.8288557213946,11.191243781094528,54.973645264063734,43.469455588278485
2026-03-01,Port Said,Operator C,Multi-RAT,262,52,12846,266877.6517203799,21770.442160983963,29.9535263895376,175630.8973221236,13213.365172037988,19.971352950334733,2026-03-01,91246.75439825628,8557.076988945975,9.982173439202867,51.9537027877852,49.98245969627991
2026-03-01,Sharqia,Operator A,5G,30,5,333,361045.42642642645,42447.67267267267,26.36936936936937,306296.5675675676,35476.81981981982,24.48048048048048,2026-03-01,54748.858858858875,6970.852852852848,1.8888888888888893,17.87446045956148,7.715897939156037
2026-03-01,Sharqia,Operator A,LTE,236,47,1809,71373.01216141514,17224.023217247097,37.74516307352128,55052.87672747374,12422.077943615257,36.23825317855169,2026-03-01,16320.135433941403,4801.94527363184,1.5069098949695956,29.644473466355585,4.158340324918005
2026-03-01,Sharqia,Operator A,Multi-RAT,241,48,2152,115727.83550185873,21295.060408921934,36.019052044609666,66798.19749070633,15920.699349442379,34.82295539033457,2026-03-01,48929.638011152405,5374.3610594795555,1.1960966542750953,73.24993764683548,3.434793632154159
2026-03-01,Sharqia,Operator B,5G,97,16,4450,268396.92,34546.42426966292,36.01595505617978,233390.35146067417,26393.06808988764,33.456853932584266,2026-03-01,35006.56853932582,8153.356179775281,2.559101123595511,14.999149844985926,7.648959249880795
2026-03-01,Sharqia,Operator B,LTE,511,98,14323,34444.492494589125,11171.113872792013,50.61404733645186,16315.4410388885,6596.157369266215,40.31201563918174,2026-03-01,18129.051455700625,4574.956503525798,10.302031697270124,111.11591413611997,25.555734522133257
2026-03-01,Sharqia,Operator B,Multi-RAT,533,102,19150,86252.88140992167,16149.92177545692,48.067676240208876,28503.069817232375,8441.63817232376,39.19728459530026,2026-03-01,57749.81159268929,7708.283603133161,8.870391644908615,202.60909425894516,22.630117714766833
2026-03-01,Sharqia,Operator C,5G,28,4,526,180528.19961977185,21638.152091254753,36.78326996197718,156559.2186311787,15521.733840304183,31.55703422053232,2026-03-01,23968.98098859316,6116.41825095057,5.226235741444864,15.309849651881022,16.561238628833053
2026-03-01,Sharqia,Operator C,LTE,167,33,1086,36545.84990791897,9821.917127071823,49.533149171270715,26633.0423572744,7249.127992633517,39.02394106813996,2026-03-01,9912.807550644571,2572.789134438306,10.509208103130753,37.219959393550255,26.93015573383671
2026-03-01,Sharqia,Operator C,Multi-RAT,176,35,1572,80923.00381679389,13270.740458015267,45.2557251908397,46616.82251908397,7596.717557251908,37.56806615776082,2026-03-01,34306.18129770992,5674.022900763359,7.68765903307888,73.59184827251079,20.46328123677125
2026-03-01,Sohag,Operator A,5G,7,1,39,292815.7948717949,25089.102564102563,39.51282051282051,356714.07692307694,25679.846153846152,35.87179487179487,2026-03-01,-63898.28205128206,-590.7435897435898,3.6410256410256423,-17.913025076681038,10.150107219442463
2026-03-01,Sohag,Operator A,LTE,46,8,205,54601.082926829265,20243.70731707317,46.390243902439025,37167.88292682927,13442.770731707316,43.25365853658536,2026-03-01,17433.199999999997,6800.936585365855,3.136585365853662,46.90393594469707,7.251607082440518
2026-03-01,Sohag,Operator A,Multi-RAT,46,8,250,87815.148,20355.312,45.124,40407.832,12747.308,41.912,2026-03-01,47407.316,7608.004000000001,3.2120000000000033,117.32209735973956,7.663676274098119
2026-03-01,Sohag,Operator B,5G,51,8,1494,299005.15394912986,31549.09437751004,37.14390896921017,274104.1385542169,20889.180053547523,32.21084337349398,2026-03-01,24901.015394912974,10659.914323962515,4.933065595716194,9.084509094337383,15.31492217858403
2026-03-01,Sohag,Operator B,LTE,106,18,6059,35259.68377620069,11885.670077570556,48.216207294933156,15128.127908895858,6805.018814985971,38.20465423337184,2026-03-01,20131.555867304833,5080.651262584584,10.011553061561315,133.07367566258338,26.205061300662692
2026-03-01,Sohag,Operator B,Multi-RAT,113,19,7699,85102.58111443045,15465.38381608001,46.65826730744252,22048.458760878035,7851.526561891154,37.88232237952981,2026-03-01,63054.12235355241,7613.857254188855,8.775944927912711,285.9797278231225,23.166332940176083
2026-03-01,Sohag,Operator C,5G,17,3,52,109574.01923076923,14316.826923076924,32.92307692307692,97338.63461538461,13458.596153846154,33.42307692307692,2026-03-01,12235.384615384624,858.2307692307695,-0.5,12.569916008921284,-1.4959723820483317
2026-03-01,Sohag,Operator C,LTE,31,5,128,17912.1875,6467.109375,43.4921875,9477.6640625,6188.7890625,41.6171875,2026-03-01,8434.5234375,278.3203125,1.875,88.99369487965537,4.505350103247607
2026-03-01,Sohag,Operator C,Multi-RAT,38,6,180,44392.65555555555,8629.572222222223,40.583333333333336,27003.13888888889,6553.322222222222,38.86666666666667,2026-03-01,17389.516666666663,2076.250000000001,1.7166666666666686,64.3981306699941,4.416809605488855
2026-03-08,Alexandria,Operator A,5G,7,1,111,323444.5045045045,25313.513513513513,24.963963963963963,325395.4504504505,25636.297297297297,25.65765765765766,2026-03-08,-1950.9459459459758,-322.7837837837833,-0.6936936936936959,-0.5995615314366713,-2.7036516853932673
2026-03-08,Alexandria,Operator A,LTE,72,16,302,79328.35761589404,13073.84105960265,36.89403973509934,71841.08940397351,10847.69867549669,33.728476821192054,2026-03-08,7487.268211920527,2226.1423841059604,3.165562913907287,10.421985905334013,9.38543098370313
2026-03-08,Alexandria,Operator A,Multi-RAT,72,16,410,140685.21463414634,15951.051219512196,33.636585365853655,99639.60243902438,12347.380487804878,31.40731707317073,2026-03-08,41045.612195121954,3603.670731707318,2.2292682926829244,41.194074635374314,7.0979265356837695
2026-03-08,Alexandria,Operator B,5G,30,5,727,399120.9614855571,37516.167812929845,34.9050894085282,371472.2682255846,31373.975240715266,33.22971114167813,2026-03-08,27648.693259972497,6142.192572214579,1.6753782668500676,7.4430033208245385,5.041808096696743
2026-03-08,Alexandria,Operator B,LTE,293,60,1680,93233.48333333334,15919.015476190476,40.54702380952381,74251.56607142858,12417.69761904762,38.82202380952381,2026-03-08,18981.91726190476,3501.317857142856,1.7249999999999943,25.564332533598716,4.443354134404548
2026-03-08,Alexandria,Operator B,Multi-RAT,294,60,2338,183609.83917878527,22352.95637296835,38.92301112061591,137163.47861420017,15625.765183917878,37.06715141146279,2026-03-08,46446.360564585106,6727.1911890504725,1.8558597091531226,33.86204624864088,5.006750285589007
2026-03-08,Alexandria,Operator C,5G,7,1,196,322940.887755102,25598.13775510204,34.066326530612244,301243.52040816325,16998.255102040817,33.07142857142857,2026-03-08,21697.367346938758,8599.882653061224,0.9948979591836746,7.202600513212828,3.008330762110463
2026-03-08,Alexandria,Operator C,LTE,69,15,254,51321.43700787402,16094.854330708662,44.40551181102362,37230.88188976378,14481.83464566929,42.20472440944882,2026-03-08,14090.555118110235,1613.0196850393713,2.2007874015748,37.846417820106154,5.214552238805963
2026-03-08,Alexandria,Operator C,Multi-RAT,69,15,445,166891.7393258427,19867.283146067417,40.103370786516855,105245.55505617977,14596.698876404495,38.95730337078652,2026-03-08,61646.18426966293,5270.584269662922,1.1460674157303359,58.573670153344125,2.941855099215502
2026-03-08,Assiut,Operator A,5G,15,3,38,288985.63157894736,34227.78947368421,40.526315789473685,216336.05263157896,34681.55263157895,40.3421052631579,2026-03-08,72649.5789473684,-453.763157894733,0.1842105263157876,33.581817761596525,0.4566210045662054
2026-03-08,Assiut,Operator A,LTE,43,7,129,106022.1007751938,18464.441860465115,56.2093023255814,95339.71317829458,16819.01550387597,55.51162790697674,2026-03-08,10682.387596899222,1645.4263565891451,0.697674418604656,11.2045518502055,1.2568077084206204
2026-03-08,Assiut,Operator A,Multi-RAT,45,7,154,146704.8051948052,22094.902597402597,53.396103896103895,111871.27272727272,21001.53896103896,53.09090909090909,2026-03-08,34833.53246753248,1093.363636363636,0.3051948051948017,31.13715578480277,0.5748532289628114
2026-03-08,Assiut,Operator B,5G,39,6,523,374648.4550669216,40068.07648183557,41.15678776290631,347655.5391969407,33834.92351816443,38.62715105162524,2026-03-08,26992.915869980876,6233.152963671135,2.5296367112810714,7.764270326983016,6.54885654885655
2026-03-08,Assiut,Operator B,LTE,93,17,628,101498.04458598726,17150.48566878981,44.8296178343949,77044.48885350318,12885.49203821656,42.77388535031847,2026-03-08,24453.555732484077,4264.99363057325,2.0557324840764295,31.739526209306774,4.806045715136616
2026-03-08,Assiut,Operator B,Multi-RAT,93,17,1112,221742.2023381295,27750.047661870503,43.00269784172662,203209.83633093524,17738.37050359712,40.92446043165467,2026-03-08,18532.366007194243,10011.677158273382,2.0782374100719494,9.119817397526738,5.078228003867469
2026-03-08,Assiut,Operator C,5G,19,3,141,427923.8581560284,44822.67375886525,61.801418439716315,410191.40425531915,21579.09219858156,62.5177304964539,2026-03-08,17732.453900709224,23243.58156028369,-0.7163120567375856,4.32297062219077,-1.145774248440154
2026-03-08,Assiut,Operator C,LTE,60,11,168,42588.244047619046,17585.285714285714,94.70833333333333,26084.434523809523,14408.52380952381,76.69642857142857,2026-03-08,16503.809523809523,3176.7619047619046,18.01190476190476,63.270719971886166,23.484672099340315
2026-03-08,Assiut,Operator C,Multi-RAT,60,11,300,222199.47666666665,30090.683333333334,80.82333333333334,196523.41666666666,16846.096666666668,69.16666666666667,2026-03-08,25676.059999999998,13244.586666666666,11.656666666666666,13.065140244101528,16.85301204819277
2026-03-08,Cairo,Operator A,5G,31,5,1059,305105.6987724268,40198.37865911237,32.432483474976394,288465.3909348442,33332.69593956563,24.83947119924457,2026-03-08,16640.3078375826,6865.682719546741,7.593012275731823,5.768563009813941,30.56833301653678
2026-03-08,Cairo,Operator A,LTE,87,17,1623,67385.08749229822,14902.636475662353,38.72520024645718,49646.05175600739,10467.4202094886,32.867529266789894,2026-03-08,17739.035736290825,4435.216266173753,5.857670979667283,35.731010037760605,17.822060587882422
2026-03-08,Cairo,Operator A,Multi-RAT,95,19,2620,157290.94809160306,24551.608015267175,36.480152671755725,107048.23396946565,16639.784732824428,31.098473282442747,2026-03-08,50242.714122137404,7911.823282442747,5.381679389312978,46.9346501657081,17.305284862171387
2026-03-08,Cairo,Operator B,5G,41,6,2764,303663.2087554269,34472.8487698987,33.96816208393633,270618.4569464544,25493.252532561506,29.56259044862518,2026-03-08,33044.751808972505,8979.596237337195,4.405571635311148,12.210827074337677,14.902522304218543
2026-03-08,Cairo,Operator B,LTE,294,61,5191,46729.95819687921,13968.689462531303,47.17703717973416,28346.130610672317,9425.748603351954,39.87979194760162,2026-03-08,18383.827586206895,4542.940859179349,7.297245232132539,64.85480448356287,18.298102562120807
2026-03-08,Cairo,Operator B,Multi-RAT,294,61,7799,133406.0979612771,20741.179125528914,43.63046544428773,66299.82574689062,13660.937043210668,36.679574304398,2026-03-08,67106.27221438647,7080.242082318246,6.950891139889727,101.21636287638911,18.950304826891877
2026-03-08,Cairo,Operator C,5G,14,2,1613,327871.0204587725,31917.72845629262,30.141971481711096,309093.7507749535,23460.521388716676,22.223186608803474,2026-03-08,18777.269683818973,8457.207067575946,7.918784872907622,6.074943164247413,35.63298554929418
2026-03-08,Cairo,Operator C,LTE,88,17,1132,35160.93551236749,11515.065371024735,54.42226148409894,22762.38957597173,7913.0512367491165,35.773851590106005,2026-03-08,12398.54593639576,3602.0141342756187,18.648409893992934,54.46943913781277,52.12860529435006
2026-03-08,Cairo,Operator C,Multi-RAT,88,17,2682,204557.9668158091,23463.28784489187,40.63870246085011,153121.35645041015,14360.543251304996,29.21476510067114,2026-03-08,51436.610365398956,9102.744593586875,11.423937360178972,33.592055058666624,39.10330040585037
2026-03-08,Dakahlia,Operator A,5G,100,16,6883,313177.7316577074,36607.45895685021,19.17565015254976,269944.559639692,27355.917041987504,17.405782362342002,2026-03-08,43233.17201801541,9251.541914862708,1.7698677902077584,16.015574485264974,10.168274848919904
2026-03-08,Dakahlia,Operator A,LTE,343,65,8510,63035.27755581668,15100.909518213866,30.980141010575792,43396.38613396005,10559.729494712103,27.362749706227966,2026-03-08,19638.891421856635,4541.180023501764,3.6173913043478265,45.254670195885566,13.220130809896204
2026-03-08,Dakahlia,Operator A,Multi-RAT,354,66,14824,173872.90286022666,24601.75215866163,25.692525634106854,95823.76099568268,16547.237317862924,23.28514570966001,2026-03-08,78049.14186454398,8054.514840798707,2.4073799244468432,81.45071854157392,10.338693837110602
2026-03-08,Dakahlia,Operator B,5G,119,20,12169,332129.0346782809,35293.232558139534,29.968526583942804,307377.7140274468,24793.766866628317,27.243651902374886,2026-03-08,24751.320650834066,10499.465691511217,2.7248746815679183,8.052412234617613,10.001870128616588
2026-03-08,Dakahlia,Operator B,LTE,474,91,21066,43317.56489129403,13673.146017279028,44.84819139846198,22464.411136428367,8145.049938289187,38.673977024589384,2026-03-08,20853.153754865663,5528.096078989842,6.174214373872594,92.8275111607538,15.964777478010483
2026-03-08,Dakahlia,Operator B,Multi-RAT,486,92,33137,145701.70842260917,21123.832091016084,40.32190602649606,51225.27060385672,12496.694631378821,35.09566345776624,2026-03-08,94476.43781875246,8627.137459637263,5.226242568729816,184.4332625382742,14.891419776175544
2026-03-08,Dakahlia,Operator C,5G,47,8,5480,262695.0321167883,31935.200547445256,24.70748175182482,239885.47591240876,24112.236861313868,20.492153284671534,2026-03-08,22809.556204379565,7822.963686131388,4.2153284671532845,9.508519062116205,20.570451570389235
2026-03-08,Dakahlia,Operator C,LTE,229,47,6155,34675.54118602762,11753.263363119415,37.440292445166534,21749.73647441105,8145.681072298944,29.883184402924453,2026-03-08,12925.804711616573,3607.582290820471,7.557108042242081,59.42970723725325,25.288831137763623
2026-03-08,Dakahlia,Operator C,Multi-RAT,240,49,11462,139938.58148665156,20985.175623800384,32.3320537428023,65634.9775780841,12207.657302390508,25.654074332577213,2026-03-08,74303.60390856746,8777.518321409876,6.677979410225088,113.20732732813161,26.030872615602252
2026-03-08,Fayoum,Operator A,5G,42,7,146,273873.5273972603,33618.96575342466,29.54794520547945,243686.15068493152,27463.77397260274,27.027397260273972,2026-03-08,30187.376712328783,6155.191780821919,2.520547945205479,12.387809741128402,9.325899645210338
2026-03-08,Fayoum,Operator A,LTE,337,66,752,71435.3324468085,17477.257978723403,42.90558510638298,54138.8789893617,15423.234042553191,36.777925531914896,2026-03-08,17296.453457446805,2054.0239361702115,6.127659574468083,31.948303659640903,16.661243084933282
2026-03-08,Fayoum,Operator A,Multi-RAT,358,69,873,102492.37571592211,20427.39060710195,40.83390607101947,73946.42611683848,18521.86483390607,35.58419243986254,2026-03-08,28545.94959908363,1905.5257731958773,5.249713631156929,38.60355543617459,14.75293738934492
2026-03-08,Fayoum,Operator B,5G,432,88,2305,231205.7639913232,25390.47895878525,39.81127982646421,204770.62342733188,19928.90585683297,36.7709327548807,2026-03-08,26435.14056399133,5461.573101952279,3.0403470715835113,12.909635240414511,8.268343617636294
2026-03-08,Fayoum,Operator B,LTE,1392,246,11617,46238.180425238876,10668.945338727726,47.764052681415166,32435.20358095894,7334.951020056813,40.90479469742618,2026-03-08,13802.976844279936,3333.9943186709133,6.859257983988982,42.5555424982224,16.768836110111515
2026-03-08,Fayoum,Operator B,Multi-RAT,1510,266,13955,75316.3067717664,12929.960444285203,46.76366893586528,44195.89587961304,8403.745109279827,40.29802938015048,2026-03-08,31120.410892153355,4526.215335005376,6.465639555714802,70.4147076844499,16.04455516849558
2026-03-08,Fayoum,Operator C,5G,48,12,244,125083.64344262295,17944.266393442624,39.15573770491803,100878.10655737705,13856.684426229509,36.114754098360656,2026-03-08,24205.536885245907,4087.5819672131147,3.0409836065573757,23.994836651179984,8.420335905583292
2026-03-08,Fayoum,Operator C,LTE,286,56,785,28589.062420382164,8349.611464968153,54.33375796178344,26412.575796178346,6675.742675159236,44.86751592356688,2026-03-08,2176.486624203819,1673.8687898089174,9.466242038216564,8.240342180177429,21.098208455182995
2026-03-08,Fayoum,Operator C,Multi-RAT,312,62,1036,49910.54247104247,10334.495173745174,51.4034749034749,35161.9276061776,7414.395752895753,43.45752895752896,2026-03-08,14748.614864864867,2920.099420849421,7.945945945945944,41.94484167663687,18.284394296121892
2026-03-08,Gharbia,Operator A,LTE,42,8,121,77014.42975206612,17399.95041322314,43.82644628099174,72296.86776859504,17228.314049586777,41.63636363636363,2026-03-08,4717.5619834710815,171.63636363636397,2.190082644628106,6.525264688604309,5.260023818975801
2026-03-08,Gharbia,Operator A,Multi-RAT,42,8,132,103976.01515151515,17859.522727272728,43.45454545454545,94412.08333333333,18249.924242424244,41.628787878787875,2026-03-08,9563.931818181823,-390.4015151515159,1.825757575757578,10.129987053050403,4.385805277525028
2026-03-08,Gharbia,Operator B,5G,43,7,438,389526.18493150687,37289.182648401824,38.917808219178085,378175.2876712329,26662.157534246577,38.71461187214612,2026-03-08,11350.897260273981,10627.025114155247,0.20319634703196243,3.0014910096774745,0.5248569912130656
2026-03-08,Gharbia,Operator B,LTE,62,12,493,108663.88843813387,16866.693711967546,43.606490872210955,83082.93711967545,12441.115618661257,42.07505070993915,2026-03-08,25580.95131845842,4425.578093306289,1.5314401622718066,30.78965694437446,3.639782095164637
2026-03-08,Gharbia,Operator B,Multi-RAT,72,13,889,239613.15635545558,26727.051743532058,41.203599550056246,196190.5455568054,17748.383577052868,40.37232845894263,2026-03-08,43422.61079865019,8978.66816647919,0.8312710911136136,22.132876319505172,2.0590120085815453
2026-03-08,Gharbia,Operator C,5G,28,4,152,421423.53289473685,42868.75,51.48684210526316,427716.2368421053,32283.342105263157,49.08552631578947,2026-03-08,-6292.703947368427,10585.407894736843,2.401315789473685,-1.4712333564487585,4.8921056158691885
2026-03-08,Gharbia,Operator C,LTE,58,10,140,62388.27142857143,18354.464285714286,66.86428571428571,54392.96428571428,16867.60714285714,65.47857142857143,2026-03-08,7995.307142857149,1486.857142857145,1.3857142857142861,14.699156863118471,2.1162866804843463
2026-03-08,Gharbia,Operator C,Multi-RAT,68,11,282,250413.60283687944,31583.787234042553,58.854609929078016,248432.45744680852,24510.0390070922,57.191489361702125,2026-03-08,1981.1453900709166,7073.748226950353,1.6631205673758913,0.7974583556559217,2.9079861111111196
2026-03-08,Giza,Operator A,5G,123,18,3359,252027.33075320037,30144.686513843404,27.29949389699315,224086.82941351592,22746.864245311106,23.53944626376898,2026-03-08,27940.501339684444,7397.822268532298,3.760047633224172,12.468604876427063,15.973390329964959
2026-03-08,Giza,Operator A,LTE,223,38,5267,75644.01082209987,14934.707613442188,30.904309853806723,56800.13233339662,9421.213404214923,27.056578697550787,2026-03-08,18843.878488703245,5513.494209227265,3.8477311562559358,33.17576511634932,14.221055807784891
2026-03-08,Giza,Operator A,Multi-RAT,229,38,8432,142659.6921252372,20769.67919829222,29.587879506641364,90918.21987666034,14104.820327324478,26.10839658444023,2026-03-08,51741.47224857686,6664.858870967741,3.479482922201136,56.909904658020515,13.327064766109753
2026-03-08,Giza,Operator B,5G,176,27,8312,391824.6850336862,31009.954764196344,20.645452358036575,358467.6278873917,22922.445500481233,18.07519249278152,2026-03-08,33357.05714629451,8087.50926371511,2.5702598652550535,9.305458722418646,14.219820155616643
2026-03-08,Giza,Operator B,LTE,356,61,9502,93902.4171753315,15014.728899179121,24.145653546621762,73011.43601347085,9994.238686592296,20.53220374657967,2026-03-08,20890.981161860647,5020.490212586825,3.613449800042094,28.613299919215656,17.59893796419216
2026-03-08,Giza,Operator B,Multi-RAT,374,65,17428,231546.86934817536,22427.242999770486,22.60391324305715,150620.09874913932,14603.119635070003,19.661636447096626,2026-03-08,80926.77059903604,7824.123364700483,2.942276795960524,53.72906489313962,14.964557013742368
2026-03-08,Giza,Operator C,5G,124,19,3952,275822.31477732793,18116.64144736842,32.14448380566802,248126.0680668016,10050.453694331984,24.244686234817813,2026-03-08,27696.24671052632,8066.187753036436,7.899797570850204,11.16216725083066,32.583624693419615
2026-03-08,Giza,Operator C,LTE,209,36,3113,36750.40636042403,11377.125281079345,43.10504336652747,23350.20366206232,8240.959203340828,32.04079665917122,2026-03-08,13400.20269836171,3136.166077738517,11.064246707356247,57.38794784104332,34.531746588733036
2026-03-08,Giza,Operator C,Multi-RAT,214,36,6894,169420.44009283435,14979.882216420076,36.96011024078909,82272.96794313897,8914.212068465333,28.226863939657672,2026-03-08,87147.47214969539,6065.670147954743,8.73324630113142,105.92479441111851,30.939484881498082
2026-03-08,Ismailia,Operator A,5G,40,6,291,151026.80756013744,22163.41237113402,25.859106529209622,127394.89690721649,21465.93470790378,24.415807560137456,2026-03-08,23631.910652920953,697.4776632302419,1.443298969072167,18.550123455990867,5.9113300492610925
2026-03-08,Ismailia,Operator A,LTE,160,32,853,65049.984759671745,12260.981242672919,37.64478311840563,57610.890973036345,8152.184056271981,30.450175849941385,2026-03-08,7439.0937866354,4108.797186400938,7.194607268464242,12.912651863199134,23.627473627473623
2026-03-08,Ismailia,Operator A,Multi-RAT,166,33,1124,86327.5693950178,14652.375444839858,34.563167259786475,64293.78825622776,11552.794483985765,28.756227758007118,2026-03-08,22033.781138790036,3099.580960854093,5.8069395017793575,34.2704664577853,20.1936761339026
2026-03-08,Ismailia,Operator B,5G,98,18,2478,353838.8393866021,32452.23648103309,26.37772397094431,329472.4741727199,25636.210250201777,23.717917675544793,2026-03-08,24366.365213882178,6816.026230831314,2.659806295399516,7.395569318822232,11.214333112143333
2026-03-08,Ismailia,Operator B,LTE,373,66,3972,88476.99194360523,15110.378398791541,28.87084592145015,68626.19058408862,10700.27618328298,26.755790533736153,2026-03-08,19850.801359516612,4410.102215508561,2.1150553877139977,28.9259846576988,7.905037920846114
2026-03-08,Ismailia,Operator B,Multi-RAT,377,66,6280,188877.60541401274,21678.56863057325,27.705414012738853,134957.83646496816,14095.987101910829,25.621974522292994,2026-03-08,53919.76894904458,7582.58152866242,2.0834394904458584,39.95304782693435,8.131455632481071
2026-03-08,Ismailia,Operator C,5G,27,4,408,331147.3431372549,31673.63725490196,35.53186274509804,311793.8774509804,22518.448529411766,31.13480392156863,2026-03-08,19353.46568627446,9155.188725490196,4.3970588235294095,6.207134612294358,14.122648193340147
2026-03-08,Ismailia,Operator C,LTE,99,20,323,42206.19504643963,10974.990712074303,49.88235294117647,25554.473684210527,8356.390092879257,46.35294117647059,2026-03-08,16651.721362229102,2618.6006191950455,3.529411764705884,65.16166823861369,7.614213197969547
2026-03-08,Ismailia,Operator C,Multi-RAT,109,21,721,202857.8030513176,22524.506241331484,42.15395284327323,174220.80859916782,14093.133148404993,37.68377253814147,2026-03-08,28636.994452149782,8431.373092926491,4.470180305131763,16.43718375686988,11.862348178137655
2026-03-08,Minya,Operator A,5G,13,2,92,220574.0760869565,29119.489130434784,38.69565217391305,208918.5652173913,27159.206521739132,37.57608695652174,2026-03-08,11655.510869565216,1960.282608695652,1.1195652173913047,5.578973250863088,2.9794619612380684
2026-03-08,Minya,Operator A,LTE,61,12,314,64843.87898089172,12065.955414012738,46.63694267515923,46244.21337579618,7616.745222929936,41.2484076433121,2026-03-08,18599.665605095543,4449.210191082802,5.388535031847134,40.22052543947141,13.063619518221126
2026-03-08,Minya,Operator A,Multi-RAT,64,12,396,98494.30555555556,15642.15404040404,45.01767676767677,74134.69191919192,10048.588383838383,40.148989898989896,2026-03-08,24359.613636363647,5593.565656565657,4.868686868686872,32.858588881594116,12.126548839549667
2026-03-08,Minya,Operator B,5G,62,11,1010,364067.98613861384,35889.48811881188,44.3009900990099,317964.68613861385,23868.447524752475,41.20693069306931,2026-03-08,46103.29999999999,12021.040594059406,3.094059405940591,14.499503249836263,7.508589826761808
2026-03-08,Minya,Operator B,LTE,162,27,1679,70418.99285288862,13689.917212626564,50.619416319237644,45159.90768314473,9669.654556283502,46.13758189398452,2026-03-08,25259.085169743892,4020.262656343062,4.481834425253126,55.93254385498106,9.714064416187954
2026-03-08,Minya,Operator B,Multi-RAT,164,28,2623,177373.7270301182,22012.71063667556,48.92451391536409,110383.15516584064,13041.296225695769,44.39153640869234,2026-03-08,66990.57186427756,8971.414410979793,4.532977506671749,60.68912576708858,10.21135530191774
2026-03-08,Minya,Operator C,5G,16,3,288,316316.27777777775,35904.975694444445,37.81597222222222,320324.75,26053.541666666668,34.18055555555556,2026-03-08,-4008.472222222248,9851.434027777777,3.6354166666666643,-1.2513776166912636,10.635920357578213
2026-03-08,Minya,Operator C,LTE,42,7,231,33339.683982683986,11190.82251082251,45.42424242424242,27497.367965367965,7725.597402597403,41.59307359307359,2026-03-08,5842.316017316021,3465.2251082251078,3.8311688311688314,21.24681905800667,9.211074104912575
2026-03-08,Minya,Operator C,Multi-RAT,44,8,510,192827.60980392157,25004.67450980392,42.082352941176474,148519.24509803922,18843.886274509805,38.062745098039215,2026-03-08,44308.364705882355,6160.788235294116,4.019607843137258,29.83341632031183,10.560478054811465
2026-03-08,Monufia,Operator A,5G,12,3,44,225370.95454545456,35581.75,24.227272727272727,218045.5909090909,32009.522727272728,24.136363636363637,2026-03-08,7325.363636363647,3572.227272727272,0.09090909090908994,3.3595559560834176,0.3766478342749489
2026-03-08,Monufia,Operator A,LTE,69,12,143,68571.51048951049,15212.104895104894,32.37062937062937,64990.531468531466,12685.622377622378,32.23076923076923,2026-03-08,3580.9790209790226,2526.4825174825164,0.13986013986014,5.5100011341081885,0.4339336081579523
2026-03-08,Monufia,Operator A,Multi-RAT,73,14,189,107187.97354497355,20241.693121693123,30.444444444444443,88324.31216931216,19823.99470899471,30.513227513227513,2026-03-08,18863.66137566138,417.69841269841345,-0.06878306878306972,21.357269490534982,-0.22542049592509414
2026-03-08,Monufia,Operator B,5G,68,12,389,327635.33933161956,38097.74035989717,34.98457583547558,314370.5706940874,35254.50128534705,32.89460154241645,2026-03-08,13264.768637532135,2843.239074550125,2.0899742930591287,4.219468956093865,6.353547983744928
2026-03-08,Monufia,Operator B,LTE,167,30,439,62833.10933940775,15834.38952164009,42.09339407744875,50021.48063781321,12975.578587699316,39.066059225512525,2026-03-08,12811.628701594535,2858.8109339407747,3.0273348519362244,25.612254052131593,7.749271137026255
2026-03-08,Monufia,Operator B,Multi-RAT,181,33,827,186677.7908101572,25799.933494558645,39.70979443772672,146369.33857315598,20911.10761789601,37.037484885126965,2026-03-08,40308.45223700121,4888.825876662635,2.6723095525997564,27.538863419031497,7.215148547175966
2026-03-08,Monufia,Operator C,5G,7,1,30,147479.4,13606.6,35.233333333333334,119827.66666666667,11713.466666666667,35.93333333333333,2026-03-08,27651.733333333323,1893.1333333333332,-0.6999999999999957,23.076251171821745,-1.9480519480519363
2026-03-08,Monufia,Operator C,LTE,49,10,79,35397.40506329114,12034.886075949367,46.64556962025316,36612.13924050633,11632.405063291139,46.41772151898734,2026-03-08,-1214.7341772151922,402.4810126582288,0.22784810126582045,-3.3178453988595527,0.4908644668666434
2026-03-08,Monufia,Operator C,Multi-RAT,49,10,102,68486.20588235294,12402.401960784313,43.81372549019608,46952.55882352941,11188.441176470587,43.872549019607845,2026-03-08,21533.647058823524,1213.9607843137255,-0.05882352941176805,45.86256340097983,-0.1340782122905104
2026-03-08,Port Said,Operator A,5G,37,6,4492,381718.6175422974,34225.80921638468,22.14692787177204,337846.4361086376,27419.869323241317,18.99354407836153,2026-03-08,43872.1814336598,6805.939893143364,3.1533837934105087,12.985835203409488,16.602398059048987
2026-03-08,Port Said,Operator A,LTE,242,47,5132,71171.51812159002,13985.742010911925,31.798129384255652,55471.77825409197,9986.130358534685,26.45265003897116,2026-03-08,15699.73986749805,3999.61165237724,5.345479345284492,28.30221125341323,20.207727155537558
2026-03-08,Port Said,Operator A,Multi-RAT,242,47,9222,215553.3635870744,23515.068423335502,27.51713294296248,131591.88147907177,15315.680329646497,23.335610496638473,2026-03-08,83961.48210800262,8199.388093689005,4.181522446324006,63.80445447263838,17.91906171439723
2026-03-08,Port Said,Operator B,5G,175,27,19846,378951.4923410259,36610.28438980147,22.904968255567873,362504.94492592965,27286.052957774868,20.80444422049783,2026-03-08,16446.547415096255,9324.231432026601,2.100524035070041,4.5369167083932505,10.096515979025646
2026-03-08,Port Said,Operator B,LTE,593,112,18762,70422.04189318836,18301.26276516363,35.39393454855559,47749.91887858437,12540.591887858438,29.105532459226094,2026-03-08,22672.12301460399,5760.6708773051905,6.288402089329498,47.4809665588193,21.605521555528707
2026-03-08,Port Said,Operator B,Multi-RAT,613,115,37425,229275.02156312624,27770.9926252505,29.032678690714764,146781.55401469607,18992.0376753507,26.110808283233133,2026-03-08,82493.46754843017,8778.954949899799,2.921870407481631,56.20152212053209,11.190271767105306
2026-03-08,Port Said,Operator C,5G,87,13,7776,411955.0396090535,28803.172968106996,23.528034979423868,353952.81442901236,18354.380144032923,16.37255658436214,2026-03-08,58002.22518004116,10448.792824074073,7.155478395061728,16.386993637445396,43.70409934570703
2026-03-08,Port Said,Operator C,LTE,240,46,4656,44530.68449312715,13370.699957044673,35.15700171821306,27827.930412371134,9886.273195876289,26.906357388316152,2026-03-08,16702.754080756014,3484.4267611683845,8.250644329896907,60.02154609862998,30.66429324052492
2026-03-08,Port Said,Operator C,Multi-RAT,254,47,12188,274846.7781424352,23059.11888743026,28.06744338693797,172654.4235313423,13701.898834919593,20.090088611749263,2026-03-08,102192.35461109289,9357.220052510667,7.977354775188708,59.188958221242274,39.7079123410303
2026-03-08,Sharqia,Operator A,5G,29,5,320,311008.109375,35242.665625,26.503125,251533.371875,29756.5125,24.246875,2026-03-08,59474.73749999999,5486.153125000001,2.2562500000000014,23.644869488552825,9.305322850882852
2026-03-08,Sharqia,Operator A,LTE,214,42,1591,71570.91389063482,17189.747957259584,36.28346951602766,53035.51539912005,12868.648648648648,35.269013199245755,2026-03-08,18535.398491514774,4321.099308610936,1.014456316781903,34.94903057324169,2.876338816317088
2026-03-08,Sharqia,Operator A,Multi-RAT,214,42,1930,111014.15233160622,20517.65129533679,34.63937823834197,68846.17875647669,16104.904663212435,34.17253886010363,2026-03-08,42167.97357512954,4412.746632124354,0.46683937823834043,61.249548394379985,1.366124361287579
2026-03-08,Sharqia,Operator B,5G,94,15,3819,268760.3830845771,34786.446975648076,38.9172558261325,248764.7572663001,25718.455616653573,34.13459020686044,2026-03-08,19995.62581827701,9067.991358994503,4.782665619272059,8.037965682121081,14.011199754525922
2026-03-08,Sharqia,Operator B,LTE,465,90,12365,32225.530287100686,10848.666397088557,52.75923978972907,14800.343145976547,6153.397007682976,42.13821269712899,2026-03-08,17425.187141124137,4695.26938940558,10.62102709260008,117.73502120362087,25.205214964714735
2026-03-08,Sharqia,Operator B,Multi-RAT,500,94,16446,85559.35692569622,16143.3615468807,50.111455673112005,28034.153654384045,8445.226438039645,40.53928006810167,2026-03-08,57525.20327131217,7698.135108841056,9.572175605010337,205.19686087372304,23.61210063160989
2026-03-08,Sharqia,Operator C,5G,28,4,467,164200.73233404712,17824.12847965739,35.32976445396146,129864.9079229122,9245.132762312634,33.235546038543895,2026-03-08,34335.82441113492,8578.995717344755,2.094218415417565,26.43964790820678,6.301140390438779
2026-03-08,Sharqia,Operator C,LTE,206,38,1009,34653.426164519326,9228.680872150644,48.5203171456888,24635.94152626363,6667.546085232904,40.08523290386521,2026-03-08,10017.484638255697,2561.13478691774,8.435084241823589,40.66207344897438,21.04287197745142
2026-03-08,Sharqia,Operator C,Multi-RAT,214,39,1419,70427.05214940099,11524.6955602537,45.473572938689216,39116.01550387597,7085.211416490486,38.63777307963355,2026-03-08,31311.03664552502,4439.484143763214,6.835799859055669,80.0465902321325,17.69201305925911
2026-03-08,Sohag,Operator A,5G,6,1,46,265975.73913043475,32766.652173913044,33.43478260869565,275025.10869565216,37177.17391304348,31.82608695652174,2026-03-08,-9049.369565217406,-4410.521739130436,1.6086956521739104,-3.2903794159505653,5.054644808743161
2026-03-08,Sohag,Operator A,LTE,55,9,230,63023.19565217391,17428.965217391305,45.12173913043478,48802.66086956522,12986.917391304349,42.017391304347825,2026-03-08,14220.534782608695,4442.047826086957,3.1043478260869577,29.13885130283345,7.388245033112585
2026-03-08,Sohag,Operator A,Multi-RAT,58,10,277,94936.5523465704,20384.783393501806,43.15884476534296,57240.83754512636,16299.534296028882,41.111913357400724,2026-03-08,37695.714801444046,4085.2490974729244,2.046931407942239,65.8545828783974,4.9789251844046385
2026-03-08,Sohag,Operator B,5G,43,8,979,268897.46782431053,28538.643513789582,39.19101123595506,222713.19816138918,20219.516853932586,32.84167517875383,2026-03-08,46184.269662921346,8319.126659856996,6.349336057201228,20.73710496018916,19.3331674545907
2026-03-08,Sohag,Operator B,LTE,98,18,3964,34912.40615539859,11039.139001009082,50.061553985872855,16823.57164480323,6509.217204843592,38.30171543895055,2026-03-08,18088.83451059536,4529.9217961654895,11.759838546922303,107.52077437838811,30.703164106752386
2026-03-08,Sohag,Operator B,Multi-RAT,105,18,5016,77237.58054226475,14028.055023923445,48.359051036682615,25142.463915470493,7427.451953748006,37.944377990430624,2026-03-08,52095.11662679426,6600.603070175439,10.414673046251991,207.19972713071866,27.447209831397206
2026-03-08,Sohag,Operator C,5G,18,3,63,123267.25396825396,11460.57142857143,38.15873015873016,117734.01587301587,8794.126984126984,36.41269841269841,2026-03-08,5533.238095238092,2666.4444444444453,1.746031746031747,4.699778610462133,4.795117698343508
2026-03-08,Sohag,Operator C,LTE,30,5,130,18324.753846153846,6188.323076923077,48.676923076923075,15836.3,5530.069230769231,46.01538461538462,2026-03-08,2488.453846153847,658.2538461538461,2.6615384615384556,15.713606373672176,5.7840187228351585
2026-03-08,Sohag,Operator C,Multi-RAT,30,5,184,51433.010869565216,7897.722826086957,45.5,33359.20652173913,5515.190217391304,42.66304347826087,2026-03-08,18073.804347826088,2382.532608695653,2.8369565217391326,54.17935926038279,6.649681528662425
2026-03-15,Alexandria,Operator A,5G,7,1,108,400364.2037037037,32080.435185185186,23.63888888888889,440885.97222222225,29835.84259259259,23.90740740740741,2026-03-15,-40521.76851851854,2244.592592592595,-0.26851851851851904,-9.190986121484974,-1.123160340821071
2026-03-15,Alexandria,Operator A,LTE,40,8,217,91831.866359447,12807.073732718894,32.1520737327189,75955.85714285714,11243.57603686636,30.81566820276498,2026-03-15,15876.009216589853,1563.497695852535,1.3364055299539181,20.901626041465622,4.336772842829373
2026-03-15,Alexandria,Operator A,Multi-RAT,40,8,303,190847.8679867987,18759.73597359736,29.580858085808583,137818.0792079208,16414.188118811882,28.415841584158414,2026-03-15,53029.788778877904,2345.5478547854764,1.1650165016501681,38.478107577507245,4.099883855981428
2026-03-15,Alexandria,Operator B,5G,18,4,737,364087.87924016285,32458.199457259157,35.65535956580732,319928.8493894166,20966.887381275443,33.260515603799185,2026-03-15,44159.02985074627,11491.312075983715,2.3948439620081388,13.802765813406223,7.200261085954384
2026-03-15,Alexandria,Operator B,LTE,262,59,1451,90224.31633356307,14284.81116471399,41.11095796002757,64155.09786354238,9964.188146106133,38.99586492074432,2026-03-15,26069.218470020685,4320.623018607857,2.115093039283252,40.634679609514116,5.423890567838394
2026-03-15,Alexandria,Operator B,Multi-RAT,269,60,2138,180415.2656688494,20358.905519176802,39.365294667913936,126350.87043966324,11923.365294667914,36.62722170252572,2026-03-15,54064.395229186164,8435.540224508888,2.7380729653882128,42.789095984110155,7.475513670203934
2026-03-15,Alexandria,Operator C,5G,9,2,175,270146.8,26571.96,48.754285714285714,245652.72,17325.411428571428,36.26285714285714,2026-03-15,24494.079999999987,9246.548571428571,12.491428571428571,9.971019250265165,34.44689568231957
2026-03-15,Alexandria,Operator C,LTE,72,12,214,52976.1168224299,13630.415887850468,56.30373831775701,42181.47196261682,11700.074766355141,49.38785046728972,2026-03-15,10794.644859813081,1930.3411214953267,6.915887850467293,25.590962945484208,14.003216955246483
2026-03-15,Alexandria,Operator C,Multi-RAT,74,13,374,149807.1497326203,19553.903743315506,49.95454545454545,81689.19518716578,12601.708556149733,42.1951871657754,2026-03-15,68117.95454545453,6952.195187165773,7.759358288770052,83.38673724154472,18.389202205183445
2026-03-15,Assiut,Operator A,LTE,41,8,116,83476.06896551725,17025.206896551725,53.26724137931034,70675.33620689655,15011.758620689656,53.21551724137931,2026-03-15,12800.732758620696,2013.4482758620688,0.05172413793103203,18.11202244747382,0.09719747286570089
2026-03-15,Assiut,Operator A,Multi-RAT,46,8,132,102521.33333333333,16473.234848484848,52.65909090909091,79696.46212121213,15664.628787878788,52.47727272727273,2026-03-15,22824.8712121212,808.60606060606,0.18181818181817988,28.639754644825192,0.3464703334776923
2026-03-15,Assiut,Operator B,5G,37,6,423,363991.56501182035,47039.65721040189,42.917257683215134,352726.55082742317,38687.75886524823,38.0354609929078,2026-03-15,11265.01418439718,8351.898345153662,4.881796690307333,3.1936961246528783,12.834856112872158
2026-03-15,Assiut,Operator B,LTE,102,19,558,109814.03405017921,17483.02329749104,44.64695340501792,93767.43548387097,14526.358422939069,42.53405017921147,2026-03-15,16046.59856630824,2956.6648745519706,2.1129032258064484,17.113189118911578,4.967557091092939
2026-03-15,Assiut,Operator B,Multi-RAT,102,19,964,215130.8890041494,29686.628630705392,43.93672199170125,158807.29668049794,19435.810165975105,40.86825726141079,2026-03-15,56323.59232365145,10250.818464730288,3.068464730290458,35.466627479320465,7.508185902479887
2026-03-15,Assiut,Operator C,5G,21,3,133,293005.6015037594,25902.27067669173,67.95488721804512,265612.1052631579,18939.684210526317,63.849624060150376,2026-03-15,27393.496240601467,6962.586466165412,4.10526315789474,10.313346303799324,6.429580781912393
2026-03-15,Assiut,Operator C,LTE,66,13,137,46236.67883211679,14466.109489051094,76.25547445255475,28286.36496350365,13988.671532846716,74.00729927007299,2026-03-15,17950.313868613142,477.43795620437777,2.2481751824817593,63.459245794832434,3.0377749284939446
2026-03-15,Assiut,Operator C,Multi-RAT,70,13,275,162004.74545454545,19465.18909090909,73.68727272727273,138922.32727272727,15408.643636363637,69.99272727272728,2026-03-15,23082.418181818182,4056.545454545454,3.694545454545448,16.615340841867425,5.278470490440556
2026-03-15,Cairo,Operator A,5G,26,5,945,317957.6835978836,42900.21164021164,28.313227513227513,315687.1132275132,38558.51322751323,22.564021164021163,2026-03-15,2270.5703703704057,4341.69841269841,5.74920634920635,0.719247088408713,25.479529146930552
2026-03-15,Cairo,Operator A,LTE,92,23,1595,68894.26394984325,14412.015047021943,38.18871473354232,53754.583072100315,9819.046394984325,32.762382445141064,2026-03-15,15139.68087774294,4592.968652037618,5.426332288401255,28.16444666203863,16.56269136558482
2026-03-15,Cairo,Operator A,Multi-RAT,95,24,2502,161215.448441247,24966.96083133493,34.99720223820943,104385.42645883294,15417.300559552357,30.891686650679457,2026-03-15,56830.02198241405,9549.660271782574,4.105515587529975,54.442486763060195,13.290033768485332
2026-03-15,Cairo,Operator B,5G,39,6,2595,293337.12986512523,35441.80655105973,31.351830443159923,270427.7317919075,27004.64470134875,29.946050096339114,2026-03-15,22909.398073217715,8437.161849710981,1.4057803468208085,8.471541702256467,4.694376528117357
2026-03-15,Cairo,Operator B,LTE,263,50,4552,47035.4264059754,15002.71353251318,45.93541300527241,31777.701449912125,10600.635544815466,39.28119507908612,2026-03-15,15257.724956063274,4402.077987697714,6.654217926186291,48.01393511771905,16.939957943716163
2026-03-15,Cairo,Operator B,Multi-RAT,276,52,7067,133970.96787887363,22007.260648082636,41.77642564029998,73129.81250884393,14866.9551436253,36.110230649497666,2026-03-15,60841.15537002971,7140.305504457336,5.6661949908023175,83.19610468394391,15.691384100536451
2026-03-15,Cairo,Operator C,5G,14,2,1342,333195.3740685544,33826.79508196721,27.674366616989566,307233.55812220566,23029.37034277198,22.23472429210134,2026-03-15,25961.81594634871,10797.42473919523,5.439642324888226,8.450188874231669,24.464626830657863
2026-03-15,Cairo,Operator C,LTE,82,15,907,35564.57883131202,11266.90407938258,43.2954796030871,22596.03307607497,8181.608599779493,38.03858875413451,2026-03-15,12968.54575523705,3085.295479603088,5.256890848952594,57.39301987908818,13.819889278571642
2026-03-15,Cairo,Operator C,Multi-RAT,84,16,2217,211893.3852052323,24480.528191249436,33.98195760036085,146346.49797023003,14811.556608028868,29.509246729815064,2026-03-15,65546.88723500227,9668.971583220567,4.472710870545786,44.78883208283938,15.156980832135991
2026-03-15,Dakahlia,Operator A,5G,90,17,6906,314929.1419055893,35784.54662612221,20.76122212568781,267825.1012163336,26759.650448885026,18.26093252244425,2026-03-15,47104.04068925569,9024.896177237184,2.5002896032435586,17.587612391568843,13.692014907620345
2026-03-15,Dakahlia,Operator A,LTE,363,68,8421,61876.539247120294,14403.309939437122,31.80726754542216,41800.59173494834,9740.392114950719,27.71464196651229,2026-03-15,20075.94751217195,4662.917824486403,4.092625578909871,48.02790266575819,14.76701587505625
2026-03-15,Dakahlia,Operator A,Multi-RAT,377,70,14857,173420.3026182944,23772.83738305176,27.063269839133067,89256.62085212358,15502.936999394225,24.034461869825673,2026-03-15,84163.68176617082,8269.900383657534,3.028807969307394,94.29404895980711,12.601937941077615
2026-03-15,Dakahlia,Operator B,5G,140,21,12425,321628.32877263584,35227.226961770626,29.74092555331992,294131.6770221328,24660.04531187123,27.437505030181086,2026-03-15,27496.65175050305,10567.181649899398,2.3034205231388327,9.34841565821351,8.395152987143272
2026-03-15,Dakahlia,Operator B,LTE,513,101,23652,44333.69300693388,13152.343226788433,46.407407407407405,21754.38009470658,7964.566844241502,39.76386774902757,2026-03-15,22579.3129122273,5187.776382546931,6.6435396583798365,103.79203091023241,16.707478508657665
2026-03-15,Dakahlia,Operator B,Multi-RAT,534,103,35859,136669.57804177472,20411.753311581473,41.49541258819264,48447.856939680416,11864.582949887057,36.408405142363144,2026-03-15,88221.7211020943,8547.170361694416,5.087007445829499,182.09623020463835,13.972068883375757
2026-03-15,Dakahlia,Operator C,5G,58,9,4716,260317.7294317218,30860.38846480068,24.15479219677693,241568.35496183205,21852.7991942324,20.55301102629347,2026-03-15,18749.374469889735,9007.589270568278,3.601781170483463,7.761519290410429,17.52434796962695
2026-03-15,Dakahlia,Operator C,LTE,223,44,5751,33536.19040166927,11018.575899843505,37.89949573987133,19476.14606155451,7402.388628064685,30.734828725439055,2026-03-15,14060.04434011476,3616.18727177882,7.164667014432272,72.19110133841615,23.31123130190771
2026-03-15,Dakahlia,Operator C,Multi-RAT,234,45,10233,134111.10505228184,19743.270595133392,32.473565914199156,60495.000293169156,10867.586533763315,25.902961008501904,2026-03-15,73616.10475911268,8875.684061370077,6.570604905697252,121.68956839797735,25.366230924490214
2026-03-15,Fayoum,Operator A,5G,32,5,167,212939.68263473053,31165.161676646705,26.766467065868262,215414.74251497007,28997.97005988024,26.317365269461078,2026-03-15,-2475.05988023954,2167.191616766464,0.4491017964071844,-1.1489742305207071,1.7064846416382204
2026-03-15,Fayoum,Operator A,LTE,355,71,845,57811.77869822485,15856.423668639054,42.51005917159763,51532.50769230769,13300.718343195267,40.56804733727811,2026-03-15,6279.271005917159,2555.705325443787,1.9420118343195227,12.185067808866735,4.787047841306875
2026-03-15,Fayoum,Operator A,Multi-RAT,374,74,1014,81700.91124260356,18362.007889546352,40.00295857988166,68014.89250493096,15547.463510848127,38.8698224852071,2026-03-15,13686.018737672595,2814.544378698225,1.1331360946745548,20.122091256235365,2.9152077941848034
2026-03-15,Fayoum,Operator B,5G,384,80,2008,239184.8829681275,25357.98107569721,41.05627490039841,217775.3251992032,19904.567231075696,37.99551792828685,2026-03-15,21409.557768924307,5453.413844621515,3.0607569721115553,9.831030099181612,8.05557375974835
2026-03-15,Fayoum,Operator B,LTE,1411,260,9787,49925.56707877797,10579.523551650149,46.723817308674775,36793.29365484827,7782.336773270666,41.667824665372436,2026-03-15,13132.273423929699,2797.1867783794833,5.055992643302339,35.692030039825624,12.134045114920683
2026-03-15,Fayoum,Operator B,Multi-RAT,1501,273,11832,80612.79978025693,12982.631338742394,45.987237998647736,51143.264621365786,8817.522565922922,40.97287018255578,2026-03-15,29469.535158891144,4165.1087728194725,5.014367816091955,57.62153702362569,12.238263499116115
2026-03-15,Fayoum,Operator C,5G,64,12,220,95226.87272727273,10183.627272727274,48.95454545454545,83921.26363636364,9139.05,39.06363636363636,2026-03-15,11305.609090909085,1044.5772727272742,9.89090909090909,13.471685960184102,25.319990691179896
2026-03-15,Fayoum,Operator C,LTE,298,60,789,25843.721166032952,8983.195183776932,58.88212927756654,21326.252217997466,7379.349809885932,53.06083650190114,2026-03-15,4517.468948035486,1603.8453738910002,5.821292775665398,21.182666798919048,10.970978144034394
2026-03-15,Fayoum,Operator C,Multi-RAT,331,66,1007,39684.235352532276,9132.137040714995,57.00695134061569,29899.16285998014,7730.211519364449,49.75273088381331,2026-03-15,9785.072492552135,1401.9255213505467,7.254220456802386,32.72691124623224,14.580547294465187
2026-03-15,Gharbia,Operator A,LTE,22,4,70,143954.4714285714,21430.67142857143,40.1,147944.67142857143,19930.47142857143,40.042857142857144,2026-03-15,-3990.2000000000116,1500.2000000000007,0.05714285714285694,-2.6970893655514345,0.14270424545130164
2026-03-15,Gharbia,Operator A,Multi-RAT,22,4,80,202686.4625,27597.925,39.2625,175728.85,22648.9,39.3625,2026-03-15,26957.61249999999,4949.024999999998,-0.09999999999999432,15.34045917901357,-0.2540489044140853
2026-03-15,Gharbia,Operator B,5G,42,6,419,367365.2863961814,41496.6276849642,38.45584725536993,304843.9976133652,29945.467780429593,38.42959427207637,2026-03-15,62521.288782816206,11551.159904534608,0.02625298329355985,20.50927335696214,0.06831449509378697
2026-03-15,Gharbia,Operator B,LTE,73,14,505,121663.82574257426,18262.09900990099,43.43366336633663,101012.3702970297,15258.322772277228,42.12871287128713,2026-03-15,20651.45544554456,3003.7762376237624,1.3049504950495034,20.444481586580316,3.097532314923616
2026-03-15,Gharbia,Operator B,Multi-RAT,80,14,889,232081.41507311587,28593.146231721035,41.02699662542182,181143.82564679414,18112.30596175478,39.92575928008999,2026-03-15,50937.589426321734,10480.840269966255,1.1012373453318318,28.11996999867007,2.7582126556601074
2026-03-15,Gharbia,Operator C,5G,19,3,137,379216.700729927,34705.70802919708,54.737226277372265,336661.5255474452,25945.868613138686,53.737226277372265,2026-03-15,42555.17518248176,8759.839416058392,1.0,12.640344070586268,1.8609073621298557
2026-03-15,Gharbia,Operator C,LTE,42,7,159,58301.42767295597,17507.251572327044,68.9245283018868,46273.50943396227,14705.327044025158,68.34591194968553,2026-03-15,12027.918238993705,2801.9245283018863,0.5786163522012657,25.993097100532125,0.8465997975522339
2026-03-15,Gharbia,Operator C,Multi-RAT,43,7,303,201245.26402640264,24838.07590759076,63.99669966996699,130863.68316831683,17225.092409240922,61.244224422442244,2026-03-15,70381.58085808581,7612.983498349837,2.7524752475247496,53.78236280233764,4.494260925796191
2026-03-15,Giza,Operator A,5G,120,19,3047,276701.27010173944,32239.4958976042,27.452576304561862,251469.49721037084,26422.21693468986,23.129963898916966,2026-03-15,25231.7728913686,5817.278962914341,4.322612405644897,10.033730997704488,18.688366417412773
2026-03-15,Giza,Operator A,LTE,223,35,5278,73765.8586585828,14719.159719590754,33.025577870405456,55755.072944297084,9846.882910193255,27.1924971580144,2026-03-15,18010.785714285717,4872.276809397499,5.833080712391055,32.303402655897614,21.451066735413377
2026-03-15,Giza,Operator A,Multi-RAT,223,35,8136,145437.85852999016,20823.690142576204,31.142084562438544,89251.28748770895,13721.934611602754,26.088003933136676,2026-03-15,56186.57104228121,7101.755530973451,5.054080629301868,62.95323308363348,19.373197896839606
2026-03-15,Giza,Operator B,5G,183,28,7820,386806.3480818414,32643.46956521739,20.968542199488493,356838.0828644501,24065.028132992327,18.440664961636827,2026-03-15,29968.26521739131,8578.441432225063,2.5278772378516656,8.398281085030705,13.708167482629035
2026-03-15,Giza,Operator B,LTE,358,62,9669,89619.52032268074,14955.36642879305,25.026993484331367,69348.85355259075,9880.796669769366,21.397972903092356,2026-03-15,20270.666770089985,5074.569759023683,3.6290205812390113,29.229995496201983,16.959646587432395
2026-03-15,Giza,Operator B,Multi-RAT,374,64,16903,223049.55067147844,22970.534165532747,23.40649588830385,137992.70170975567,14784.172750399337,20.28409158137609,2026-03-15,85056.84896172278,8186.3614151334095,3.1224043069277627,61.63865763033286,15.393365260658797
2026-03-15,Giza,Operator C,5G,125,19,3868,277566.46561530506,19215.87538779731,29.64968976215098,256709.64141675286,10251.710186142709,23.054291623578077,2026-03-15,20856.824198552204,8964.165201654601,6.595398138572904,8.124675054448923,28.608114472828394
2026-03-15,Giza,Operator C,LTE,212,36,3103,35380.11666129552,11925.512729616501,43.67418627135031,22095.242990654206,8476.211086045761,33.365775056397034,2026-03-15,13284.873670641315,3449.3016435707395,10.308411214953274,60.12549251556328,30.89516487337494
2026-03-15,Giza,Operator C,Multi-RAT,217,37,6742,169784.25333728862,15794.74710768318,35.721892613467816,86970.73019875408,9107.556214773065,28.396618214179767,2026-03-15,82813.52313853454,6687.1908929101155,7.325274399288048,95.21999292092973,25.796291459911213
2026-03-15,Ismailia,Operator A,5G,27,4,220,146288.76363636364,21192.136363636364,25.822727272727274,130479.52727272727,20680.668181818182,24.45909090909091,2026-03-15,15809.236363636373,511.4681818181816,1.3636363636363633,12.116258154884354,5.575171901133617
2026-03-15,Ismailia,Operator A,LTE,166,30,785,71269.1694267516,11645.926114649681,31.22675159235669,61489.04458598726,8941.615286624205,29.794904458598726,2026-03-15,9780.124840764336,2704.3108280254764,1.4318471337579624,15.905475368197749,4.805677882765404
2026-03-15,Ismailia,Operator A,Multi-RAT,166,30,966,87595.63664596273,13761.766045548655,30.06832298136646,67226.94824016563,10248.487577639751,28.731884057971016,2026-03-15,20368.688405797104,3513.2784679089036,1.3364389233954448,30.298398096297284,4.65141415961088
2026-03-15,Ismailia,Operator B,5G,95,15,2309,357988.8549155479,34628.20485058467,24.9852750108272,330133.6258120398,27424.352533564313,23.766565612819402,2026-03-15,27855.229103508056,7203.852317020355,1.218709398007796,8.437561922082821,5.127831331887679
2026-03-15,Ismailia,Operator B,LTE,368,65,3810,90801.35800524935,15835.332283464568,28.60787401574803,66061.29711286089,11420.956430446195,26.54278215223097,2026-03-15,24740.060892388457,4414.375853018373,2.065091863517061,37.450159130423785,7.780238905149912
2026-03-15,Ismailia,Operator B,Multi-RAT,374,66,5938,192327.12057931963,22930.42573256989,27.196362411586392,137305.336813742,15038.071236106432,25.627989221960256,2026-03-15,55021.783765577624,7892.354496463457,1.5683731896261364,40.07257477560104,6.119766853508039
2026-03-15,Ismailia,Operator C,5G,30,5,329,387121.6960486322,32332.90577507599,31.66565349544073,357362.40425531915,23537.510638297874,31.428571428571427,2026-03-15,29759.291793313052,8795.395136778116,0.2370820668693021,8.327482532843996,0.7543520309477795
2026-03-15,Ismailia,Operator C,LTE,97,19,374,42560.69251336899,11787.898395721924,43.911764705882355,31904.729946524065,8692.804812834225,42.668449197860966,2026-03-15,10655.962566844923,3095.093582887699,1.2433155080213893,33.39931911257522,2.9138989848351895
2026-03-15,Ismailia,Operator C,Multi-RAT,103,20,695,204181.72949640287,21388.2345323741,38.267625899280574,123358.85323741008,15404.192805755396,38.03309352517986,2026-03-15,80822.8762589928,5984.041726618703,0.23453237410071637,65.51850486437748,0.6166534256421816
2026-03-15,Minya,Operator A,5G,13,2,94,204512.51063829788,30932.94680851064,37.61702127659574,186369.36170212767,30394.510638297874,36.638297872340424,2026-03-15,18143.14893617021,538.4361702127644,0.9787234042553195,9.735049136009936,2.6713124274099895
2026-03-15,Minya,Operator A,LTE,49,10,281,67468.55160142349,12876.120996441281,42.395017793594306,53618.88256227758,10237.341637010677,41.263345195729535,2026-03-15,13849.669039145912,2638.779359430604,1.131672597864771,25.829835269430905,2.742561448900394
2026-03-15,Minya,Operator A,Multi-RAT,49,10,354,101889.03672316384,16980.471751412428,41.03389830508475,77991.13559322034,14192.627118644068,40.59887005649718,2026-03-15,23897.901129943493,2787.8446327683596,0.43502824858757094,30.641817109303517,1.0715279710548298
2026-03-15,Minya,Operator B,5G,56,8,978,301399.0766871166,33281.33537832311,42.17280163599182,251470.37423312882,23445.798568507158,41.18302658486708,2026-03-15,49928.70245398776,9835.536809815949,0.9897750511247381,19.854705591562336,2.403356754475243
2026-03-15,Minya,Operator B,LTE,140,25,1752,69488.15582191781,14439.963470319635,47.74942922374429,49852.68207762557,9693.58789954338,47.021118721461185,2026-03-15,19635.47374429224,4746.375570776256,0.728310502283108,39.38699569607481,1.5489008387856487
2026-03-15,Minya,Operator B,Multi-RAT,148,26,2583,154379.23344947735,21886.502129307006,45.70034843205575,95336.70150987225,12853.581494386372,44.90940766550523,2026-03-15,59042.531939605105,9032.920634920634,0.7909407665505199,61.930537772477024,1.7611917138645294
2026-03-15,Minya,Operator C,5G,13,2,278,293983.0107913669,29732.575539568345,43.36330935251799,237687.04676258992,16908.755395683453,35.52158273381295,2026-03-15,56295.964028777,12823.820143884892,7.841726618705039,23.68491038765245,22.075949367088615
2026-03-15,Minya,Operator C,LTE,52,10,188,27895.957446808512,11241.0,51.319148936170215,23834.297872340427,7808.5,48.5531914893617,2026-03-15,4061.6595744680853,3432.5,2.765957446808514,17.041238622689278,5.696757230499569
2026-03-15,Minya,Operator C,Multi-RAT,52,10,458,186284.60698689957,22099.251091703056,46.86026200873363,161543.96288209606,12641.43231441048,40.74017467248908,2026-03-15,24740.644104803505,9457.818777292576,6.120087336244545,15.315115256186099,15.022241277667622
2026-03-15,Monufia,Operator A,5G,14,2,42,352081.0238095238,51801.80952380953,22.428571428571427,262515.95238095237,48345.59523809524,22.285714285714285,2026-03-15,89565.07142857142,3456.21428571429,0.14285714285714235,34.11795382956319,0.6410256410256387
2026-03-15,Monufia,Operator A,LTE,73,15,147,122505.61904761905,18094.700680272108,33.2312925170068,117935.8843537415,17443.38775510204,32.265306122448976,2026-03-15,4569.734693877559,651.3129251700666,0.9659863945578238,3.874761883474684,2.9938857263335463
2026-03-15,Monufia,Operator A,Multi-RAT,79,15,194,167295.57731958764,24409.60824742268,30.9020618556701,142776.5824742268,22845.443298969072,30.082474226804123,2026-03-15,24518.994845360838,1564.1649484536065,0.8195876288659782,17.172980625017317,2.7244688142563365
2026-03-15,Monufia,Operator B,5G,70,11,348,253334.433908046,36274.59195402299,35.86494252873563,241011.6120689655,30838.112068965518,32.410919540229884,2026-03-15,12322.821839080483,5436.47988505747,3.4540229885057485,5.112957725685975,10.656973135916308
2026-03-15,Monufia,Operator B,LTE,162,33,462,53705.70995670996,15224.471861471862,42.43939393939394,46490.05194805195,13554.857142857143,41.75541125541125,2026-03-15,7215.658008658007,1669.614718614719,0.6839826839826841,15.520864585655428,1.638069566118916
2026-03-15,Monufia,Operator B,Multi-RAT,170,33,796,139889.95728643215,23384.1783919598,39.698492462311556,103519.84045226131,18651.23366834171,36.59170854271357,2026-03-15,36370.11683417084,4732.9447236180895,3.106783919597987,35.133474583495996,8.49040409242283
2026-03-15,Monufia,Operator C,LTE,26,6,37,29359.432432432433,8593.216216216217,60.91891891891892,28067.486486486487,7506.891891891892,60.108108108108105,2026-03-15,1291.9459459459467,1086.324324324325,0.8108108108108141,4.602998371685237,1.348920863309358
2026-03-15,Monufia,Operator C,Multi-RAT,26,6,58,131316.7068965517,14760.01724137931,55.12068965517241,115195.10344827586,16959.241379310344,52.224137931034484,2026-03-15,16121.603448275855,-2199.2241379310344,2.896551724137929,13.99504229406302,5.546384945526572
2026-03-15,Port Said,Operator A,5G,41,7,4644,350737.37058570195,29000.371447028425,22.013781223083548,302269.97523686476,20656.447459086994,20.055555555555557,2026-03-15,48467.39534883719,8343.92398794143,1.9582256675279908,16.034472266343087,9.764006098477514
2026-03-15,Port Said,Operator A,LTE,294,58,5125,73673.22575609756,13211.767414634147,32.89209756097561,53406.21697560976,9431.523121951219,26.646634146341462,2026-03-15,20267.0087804878,3780.244292682928,6.245463414634145,37.94878186137692,23.43809495914003
2026-03-15,Port Said,Operator A,Multi-RAT,298,58,9336,205535.5159597258,20865.275492716366,29.050556983718938,131781.76467437876,13915.551735218509,23.40691945158526,2026-03-15,73753.75128534704,6949.723757497857,5.643637532133678,55.96658344011869,24.110979421307213
2026-03-15,Port Said,Operator B,5G,183,28,18506,389066.73516697285,37944.278558305414,23.233816059656327,373113.07084188913,27718.485680319896,20.73230303685291,2026-03-15,15953.664325083722,10225.792877985517,2.5015130228034153,4.275825633523374,12.065774932755064
2026-03-15,Port Said,Operator B,LTE,577,113,17104,73436.27151543499,18709.193755846587,33.25514499532273,52072.55653648269,13253.84202525725,28.759939195509823,2026-03-15,21363.714978952295,5455.3517305893365,4.495205799812908,41.02682180388936,15.630094936065536
2026-03-15,Port Said,Operator B,Multi-RAT,603,116,34447,237076.0887740587,28592.94086567771,28.03843585798473,158091.2448689291,19673.794176561092,25.867854965599328,2026-03-15,78984.84390512962,8919.146689116616,2.170580892385402,49.961554778453845,8.391035496650089
2026-03-15,Port Said,Operator C,5G,75,12,6751,378808.6221300548,25904.610576210933,24.614131239816324,321048.8920159976,15767.34661531625,17.46378314323804,2026-03-15,57759.730114057194,10137.263960894683,7.150348096578284,17.990945164569847,40.94386673226008
2026-03-15,Port Said,Operator C,LTE,247,44,4426,45467.77406235879,12603.475598734749,32.250564844103025,26581.933800271127,9088.298915499323,26.96475372797108,2026-03-15,18885.840262087662,3515.176683235426,5.285811116131946,71.0476536582716,19.6026678732425
2026-03-15,Port Said,Operator C,Multi-RAT,262,46,10946,244413.65649552346,20444.760551799744,28.251050612095742,153311.30942810158,11747.767769048054,20.84569705828613,2026-03-15,91102.34706742188,8696.99278275169,7.405353553809611,59.423109363074204,35.52461466317815
2026-03-15,Sharqia,Operator A,5G,33,5,321,337423.09345794393,37871.7476635514,28.707165109034268,259591.57009345794,32316.21183800623,24.32398753894081,2026-03-15,77831.523364486,5555.535825545172,4.3831775700934585,29.982300017086516,18.019979508196723
2026-03-15,Sharqia,Operator A,LTE,189,35,1547,67452.4705882353,17274.12540400776,37.42210730446025,50753.019392372335,13466.62960568843,34.95345830639948,2026-03-15,16699.451195862966,3807.495798319329,2.4686489980607647,32.90336495403212,7.062674532576338
2026-03-15,Sharqia,Operator A,Multi-RAT,189,35,1848,108054.31439393939,20361.06222943723,36.03300865800866,65030.844696969696,14998.621753246753,34.10064935064935,2026-03-15,43023.469696969696,5362.440476190477,1.932359307359313,66.15855890762326,5.666634929702641
2026-03-15,Sharqia,Operator B,5G,96,18,3342,270653.4102333932,31925.114302812686,38.912627169359666,246938.79563135846,22768.786654697786,35.06822262118492,2026-03-15,23714.614602034737,9156.3276481149,3.8444045481747438,9.603438188561105,10.96264441372719
2026-03-15,Sharqia,Operator B,LTE,451,84,10677,35359.62920295963,11019.741594080735,51.77100309075583,17588.595485623304,6326.336798726234,40.16755642970872,2026-03-15,17771.033717336326,4693.404795354501,11.603446661047116,101.03725298510699,28.887609036792135
2026-03-15,Sharqia,Operator B,Multi-RAT,475,88,14214,88466.16772196426,15655.367454622203,49.3342479245814,29902.368861685663,8461.890319403405,39.23568312930913,2026-03-15,58563.79886027859,7193.477135218798,10.098564795272267,195.85003158501343,25.73821580215745
2026-03-15,Sharqia,Operator C,5G,30,5,578,175175.0830449827,21269.93598615917,35.49307958477509,139703.17647058822,13808.667820069204,31.61764705882353,2026-03-15,35471.90657439447,7461.268166089965,3.8754325259515596,25.390909119280035,12.257181942544468
2026-03-15,Sharqia,Operator C,LTE,139,30,868,34367.829493087556,9532.927419354839,58.163594470046085,23216.820276497696,6928.142857142857,41.883640552995395,2026-03-15,11151.00921658986,2604.784562211982,16.27995391705069,48.029872668988986,38.86948150185668
2026-03-15,Sharqia,Operator C,Multi-RAT,151,31,1375,88855.82472727273,14196.828363636363,50.981818181818184,50364.54254545455,8436.330181818183,38.90836363636364,2026-03-15,38491.282181818184,5760.4981818181805,12.073454545454545,76.42535846936241,31.03048655115049
2026-03-15,Sohag,Operator A,5G,7,1,43,250247.86046511628,31517.558139534885,37.093023255813954,231302.93023255814,21782.25581395349,35.86046511627907,2026-03-15,18944.930232558138,9735.302325581397,1.2325581395348806,8.19052755341681,3.4370946822308603
2026-03-15,Sohag,Operator A,LTE,49,10,240,68072.59583333334,15946.179166666667,46.27916666666667,47055.604166666664,11845.9625,43.85,2026-03-15,21016.991666666676,4100.216666666667,2.429166666666667,44.664162832181276,5.539718738122388
2026-03-15,Sohag,Operator A,Multi-RAT,49,10,277,93986.24909747293,18387.906137184116,44.79061371841155,68268.87003610109,14505.10108303249,42.938628158844764,2026-03-15,25717.379061371845,3882.805054151626,1.851985559566785,37.67072612710933,4.313099041533541
2026-03-15,Sohag,Operator B,5G,51,8,744,264034.9301075269,28313.987903225807,38.846774193548384,205444.4744623656,21287.86559139785,36.80779569892473,2026-03-15,58590.4556451613,7026.122311827956,2.038978494623656,28.518876352595317,5.539528939200293
2026-03-15,Sohag,Operator B,LTE,107,19,2522,39794.44250594766,11725.962727993656,50.24821570182395,18595.855670103094,6468.405630452022,39.32791435368755,2026-03-15,21198.58683584457,5257.557097541634,10.920301348136405,113.99629687342613,27.767303523718322
2026-03-15,Sohag,Operator B,Multi-RAT,114,20,3279,88798.20951509607,15379.57548032937,47.896309850564194,30904.273863982922,8215.657517535834,38.79780420860018,2026-03-15,57893.93565111315,7163.9179627935355,9.09850564196401,187.3331044952493,23.451083966105415
2026-03-15,Sohag,Operator C,5G,30,5,79,88736.75949367089,10782.177215189873,39.87341772151899,74636.55696202532,8901.0,39.0,2026-03-15,14100.20253164557,1881.177215189873,0.8734177215189902,18.891818038738947,2.239532619279462
2026-03-15,Sohag,Operator C,LTE,31,6,137,23692.277372262775,7961.824817518248,62.18248175182482,13544.452554744526,7238.233576642336,54.934306569343065,2026-03-15,10147.824817518249,723.5912408759123,7.248175182481752,74.92236970451447,13.194259899016744
2026-03-15,Sohag,Operator C,Multi-RAT,45,8,216,45479.34259259259,8523.38425925926,55.851851851851855,20858.472222222223,7381.3287037037035,50.875,2026-03-15,24620.87037037037,1142.0555555555557,4.976851851851855,118.03774556479625,9.782509782509788
